Actual_Total_Points,Linear_Regression_prediction,Random_Forest_prediction
217.0,224.53932482441704,213.29
229.0,217.9072558940125,227.17
245.0,213.09585434014414,218.49
244.0,205.95955106374785,201.89
206.0,212.66361847956756,219.53
250.0,212.16737988142393,210.84
198.0,211.74468413706683,211.55
240.0,230.19539445477074,231.495
212.0,212.30535868759438,215.02
242.0,222.00745208015832,208.43
217.0,211.1506691960378,216.35
235.0,220.73700167914745,227.99
227.0,229.65374787583113,228.57
218.0,211.40288075568898,208.57
222.0,217.61131719451313,216.23
253.0,232.1507083786969,231.87
250.0,221.05815903518095,231.09
244.0,241.0615329949484,233.88
231.0,219.2661712441216,216.99
229.0,222.21494511899988,230.39
240.0,232.0358906664514,222.37
238.0,219.21486291159476,216.38
220.0,211.85801540703494,214.56
203.0,232.46442864061262,228.13
227.0,215.93226836815577,207.77
191.0,227.34856711402665,221.15
219.0,217.97448613294216,223.99
224.0,222.8263933426556,226.61
210.0,216.69822333738824,213.18
203.0,220.5529052785019,223.23
263.0,214.94319992154746,218.84
218.0,227.77040609058156,224.16
207.0,208.26485639887937,210.5
226.0,228.85574787361776,233.51
234.0,220.62403095940363,209.85
201.0,212.3879237175879,206.05
209.0,219.03638527108416,213.86
217.0,229.16569809151417,236.83
259.0,226.5615336282687,232.47
228.0,220.53585902756396,232.71
240.0,243.33571777355354,223.07
242.0,216.63209517260998,220.8
227.0,228.98151414582674,230.98
232.0,236.04827257062567,231.18
209.0,225.43387759808002,224.69
233.0,220.02274095882927,217.57
210.0,221.49012132214554,206.63
223.0,220.95634236809752,224.16
253.0,218.49690857779245,222.47
238.0,209.7042285242636,204.5
266.0,228.82516040774823,233.86
227.0,225.17754895280305,221.19
264.0,205.44373972042308,213.7
217.0,220.41327956347988,221.35
198.0,228.0170058668088,239.56
223.0,225.85893943121312,225.23
191.0,216.8008967927542,221.25
212.0,214.09490143124927,236.07
216.0,229.5568938326798,225.23
241.0,230.07027592851796,235.67
249.0,232.64959381210627,218.24
205.0,229.8001679757987,227.78
206.0,214.09745782111696,201.81
237.0,224.34148753766968,229.43
231.0,216.50155369735074,217.95
232.0,212.1881561862989,212.55
213.0,218.55540309320833,227.12
203.0,223.99229191261026,226.84
230.0,223.74727586604365,213.37
230.0,216.04818762782728,230.5
205.0,224.02969597236816,211.65
231.0,217.9953340072547,222.3
194.0,209.19132455478558,211.3
233.0,227.9324485693445,223.87
198.0,223.72950326155996,213.6
252.0,223.44831784192164,240.52
235.0,237.93402996001817,216.78
244.0,224.01000286568413,214.39
231.0,224.1552793531566,226.236
228.0,222.1524276674483,226.21
249.0,215.58317704815124,217.86
227.0,225.37068238962468,216.31
245.0,219.93597223811685,228.45
206.0,217.2652313189941,205.9
195.0,211.71366008318097,233.86
232.0,217.52230758714478,222.28
216.0,218.5706641582605,219.88
226.0,227.42590043605435,233.98
273.0,235.2952166946509,229.38
200.0,212.63115808693766,212.01
210.0,220.6841862027013,226.64
234.0,226.57289401873203,221.64
192.0,227.1166845692072,227.76
231.0,220.8978348381309,226.32
220.0,232.60401791518177,233.82
244.0,227.33929943563766,218.66
235.0,216.45712786216342,208.59
239.0,216.80493513606456,217.4
239.0,217.73403628806005,212.48
251.0,212.59071153392875,217.47
231.0,223.12227043170577,219.29
206.0,210.88839634890604,213.34
238.0,218.61614490463916,210.64
220.0,206.5531984368809,213.17
239.0,225.762016759941,228.15
195.0,217.17355515529349,213.71
232.0,219.86032367818567,233.86
235.0,227.1124332829021,236.9
228.0,232.50643128555578,213.1575
199.0,223.49498711233855,221.73
227.0,218.93934210358336,214.58
234.0,226.70574502924833,226.23
223.0,224.6771495741158,217.73
239.0,232.48560605314623,225.5
261.0,225.08438224924632,218.87
243.0,214.25860258230983,212.46
227.0,224.80698404537657,213.28
257.0,224.31375912675895,215.03
235.0,217.48504021627653,215.57
250.0,213.07428869869926,208.72
232.0,217.33454139091674,215.06
252.0,226.28546722203828,209.05
219.0,220.9220833830316,210.37
237.0,230.7596984392793,230.79
257.0,234.72252169630852,230.77
211.0,210.92633214722613,212.23
216.0,223.33087277868344,225.23
236.0,217.5405066248236,216.18
231.0,225.9135543045747,220.42
258.0,210.77496053783318,202.05
262.0,221.43905359082007,222.67
196.0,214.63302211700042,219.04
250.0,236.60412608709132,222.65
235.0,220.46891327984275,215.02
232.0,219.66097869956968,221.77
210.0,230.7640881790486,227.62
207.0,222.44897028326017,233.94
228.0,229.37693755156255,227.49
207.0,231.04854849980302,229.46
206.0,227.03029119758116,225.86
228.0,223.07453495916076,228.18
167.0,224.7325122661839,227.41
183.0,219.80863291779386,230.54
204.0,225.05651460087228,223.31
230.0,220.78423893274666,220.84
217.0,226.44533279748168,229.3
223.0,227.623501570218,234.24
244.0,219.27387901149527,226.07
246.0,231.43138131796763,230.48
225.0,226.76749515734,231.19
236.0,224.70938824150483,231.14
190.0,221.04367619178237,211.63
202.0,229.4649146528492,240.67
229.0,229.39846984907757,222.68
243.0,220.63938325385303,217.84
220.0,227.71466665637178,228.22
238.0,226.80969843388255,222.4
202.0,213.68853707105393,213.84083333333336
213.0,215.91646989929848,233.63
201.0,212.04387944955417,211.1
218.0,217.58034616499708,215.59
235.0,232.292974540106,227.71
242.0,222.99946183270964,225.24
251.0,220.37517720112604,210.76
202.0,212.09229603246558,208.95
194.0,229.74862935209785,220.44
220.0,222.42774900012225,213.06
232.0,231.03822355673822,227.75
251.0,226.81006423720396,238.55
217.0,232.0439209342281,228.28
251.0,209.12229585814572,196.51
217.0,228.90559571786264,218.02
211.0,206.65445993950001,211.0
220.0,215.40236044960236,212.38
245.0,225.91334099006076,232.73
198.0,207.98842303306566,210.58
223.0,223.46869789990143,225.73
239.0,224.12009432289432,222.0
245.0,225.53100876372918,231.1
201.0,210.8543674182207,213.87
246.0,219.2491170355632,226.21
259.0,213.53239335513365,209.32
224.0,202.15571652177405,202.42
208.0,222.7282223014705,224.58
203.0,218.2974390258494,221.36
218.0,227.8760600367498,226.49
254.0,228.43986211795723,225.24
222.0,228.9074596665441,219.56
216.0,216.62600451978744,227.02
261.0,219.32480068385257,220.3
221.0,216.4167902988769,225.19
208.0,212.8602664787578,213.29666666666665
233.0,215.02471411670456,219.51
240.0,212.43256404403144,224.3
217.0,226.55634792700099,232.05
230.0,228.01766435575254,219.2
203.0,230.31897037722683,225.21
251.0,217.94616550880164,212.97
227.0,216.64647233912228,218.09
195.0,216.8660006246407,220.96
218.0,216.84380399725262,214.87
213.0,215.3531432399277,215.48
222.0,214.8593075630125,210.3
233.0,214.24816194300692,228.13
217.0,226.82536080276014,231.83
231.0,228.59889272239536,229.61
240.0,232.77057200251767,230.2
221.0,211.50398957366787,211.82333333333335
205.0,232.83504700503505,234.59
199.0,222.0129983115041,224.85
221.0,227.49737280752365,227.51
208.0,221.70429254237192,214.53
217.0,231.91013684036358,230.07
208.0,219.0151107677437,214.64
253.0,236.00965017204874,230.7
217.0,212.48735147830592,204.67
254.0,212.44067911136605,222.39
230.0,220.149496063426,231.76
244.0,214.79811181538605,213.47
253.0,228.9883296039335,231.69
234.0,226.15953399305243,231.38
191.0,215.0657709953849,227.15
237.0,219.96694518741364,222.18
218.0,209.90204709100024,215.74
225.0,225.93092366497194,231.16
212.0,220.26873333022155,228.76
174.0,220.54990783151987,216.68
229.0,218.27325187508478,224.02
236.0,218.92874550743085,233.08
234.0,218.26153581597498,223.42
225.0,215.5025857610409,204.55
254.0,227.5941391098003,232.48
246.0,215.19916215519038,219.88
227.0,216.55302465228232,216.88
214.0,217.1309718442535,209.21
252.0,232.12340367672118,235.08
165.0,217.71166553101727,217.77
243.0,221.58499207590506,215.34
237.0,234.91791860058214,228.49
216.0,222.6136736732588,229.85
257.0,223.88251733118685,223.68
236.0,221.0103325089252,220.685
223.0,221.8504650234665,229.11
218.0,210.97215452724203,212.24
209.0,213.70181114187872,209.69
218.0,215.6936085702569,225.49
242.0,221.5033877874664,209.75
196.0,222.5315124956643,218.54
219.0,212.78609773617546,204.63
239.0,223.84489956491547,229.06
232.0,228.13165433097748,225.3
240.0,227.19211395247115,224.54
230.0,227.16192820290695,226.71
248.0,220.19660833121821,229.34
234.0,215.60124310177605,214.07
224.0,204.6626515723015,205.83
235.0,211.60275747286715,213.46
214.0,212.48696383830455,218.84
241.0,219.00731177097288,208.83
230.0,228.22815329331462,222.03
207.0,224.82701000311764,219.47
228.0,233.1509605375402,236.45
205.0,221.53852212561947,225.63
213.0,229.15770742107662,222.69
181.0,218.7428539823914,213.4
191.0,214.25585489029461,214.78
198.0,217.50025231283345,204.24
205.0,223.77689672894854,225.63
216.0,208.82742357708753,205.6
195.0,224.41820196809283,220.57
218.0,229.12230360689023,231.74
219.0,208.17829615206372,205.27
227.0,221.68143760172654,224.01
246.0,227.377765816258,216.82
233.0,218.60345173670459,227.78
244.0,225.76567951737155,230.33
250.0,216.15793547051257,217.02
233.0,218.00209506841674,225.6
199.0,203.40018756846302,208.7
250.0,225.38899898295898,219.28
241.0,228.09564387547493,232.5
226.0,235.80589734196542,240.86
213.0,226.26855356241126,217.04
182.0,215.82309964330585,220.78
250.0,218.29537732577842,217.73
238.0,222.55843463504922,220.2
221.0,226.95933831438572,230.68
227.0,213.2179065545007,212.04
208.0,225.18006243249556,214.38
229.0,219.78996571274337,213.49
208.0,207.5329691330457,205.96
255.0,229.33151802363358,223.82
225.0,223.3965695880621,217.83
226.0,234.1560930488511,232.07
211.0,201.82480397043258,199.13
195.0,224.63998811692727,234.93
225.0,217.39382735885005,215.37
226.0,218.53532563887865,212.94
249.0,228.99810585225634,233.28
258.0,225.7365527970577,218.29
205.0,207.5968985373441,207.62
227.0,211.63323706431558,217.94
228.0,211.31571637624776,207.5
239.0,216.6829884027615,222.51
214.0,226.3964700807889,226.78
202.0,225.9424780408823,226.58
233.0,215.9676150409909,216.75
174.0,211.07567679278972,214.35
194.0,219.77837267869916,223.0
240.0,230.73517161561878,233.3
253.0,231.75111325359708,228.46
209.0,217.71927130585988,206.06
187.0,205.381359369907,203.48
194.0,230.33769921320683,220.95
242.0,232.2003216595802,227.77
221.0,224.95110012012384,218.99
226.0,209.21441170638565,208.59
203.0,227.71833529569238,228.82
234.0,203.8961014690028,207.45
247.0,211.384663957685,217.02
219.0,216.8548705253514,220.24
258.0,217.37943755004983,221.35
214.0,230.75691548355348,228.3
244.0,212.95734632350485,212.51
227.0,225.68314432263907,226.43
213.0,213.99490893907807,193.18
223.0,219.86087276492717,224.7
233.0,221.6393546457262,224.78
214.0,208.31666881176176,212.98
234.0,217.26833232724894,210.08
193.0,217.61091902783727,216.8
208.0,210.827621173065,209.92
224.0,218.88804778591947,227.69
205.0,220.9871466776301,227.11
201.0,207.597685128764,202.66
186.0,219.03697981731813,218.8
221.0,218.43591738291406,220.76
215.0,219.83642121553987,226.36
226.0,217.1823862661465,227.82
221.0,229.65597453131102,224.65
219.0,234.50827443829013,230.8
224.0,221.16328163478653,222.14
215.0,224.40258560591334,219.18
197.0,219.7794346280424,219.48
258.0,206.43098065880275,213.7
216.0,216.1504634637231,215.54
253.0,228.3244954741764,227.31
229.0,207.71708972385568,216.78
215.0,221.41491383980895,221.15
209.0,219.29231555385252,215.37
244.0,212.8504617476026,208.65
210.0,213.37292553388625,217.94
206.0,211.93125502837836,219.77
228.0,221.22892890831793,229.08
239.0,211.96115979465935,216.79
218.0,213.12150627185855,218.46
206.0,224.68456387112445,225.85
235.0,214.37794162532333,218.46
223.0,219.4841869774175,221.51
236.0,218.51630450927587,222.6
219.0,213.67690212714666,223.27
197.0,218.09666978309127,219.27
223.0,211.30932484338905,209.59
240.0,223.90622927642784,216.64
246.0,220.94551744151232,231.74
227.0,220.2548914519009,215.87
247.0,223.15302536059724,224.66
210.0,210.8194481591562,214.07
183.0,220.8232996634342,221.6
260.0,216.2843425119667,221.61
208.0,220.44255351950414,219.56
231.0,220.08682498802895,219.99
186.0,213.3742195184978,223.81
224.0,211.1021311363222,211.72
204.0,217.1202239360357,232.64
236.0,232.4732492452715,230.33666666666667
232.0,216.80978620122033,219.07
217.0,219.10704742939868,220.45
208.0,217.47570424032529,217.82
221.0,218.22225102778594,218.97
203.0,228.03273727628715,228.58
215.0,215.4973491714972,216.07
198.0,215.9781927407027,217.39
236.0,222.92285312013342,231.58
205.0,227.2504224195802,228.32
215.0,220.25380494087392,235.32
224.0,202.0113239328415,197.49
236.0,214.34009003872876,218.05
198.0,225.76273999648345,233.29
198.0,215.2169215083299,220.81
234.0,209.57699258952698,202.95
198.0,209.85814035208722,216.55
239.0,221.9491393203814,225.05
228.0,221.5835678322432,223.57
189.0,211.81380096658089,214.49
256.0,218.45331695009162,215.07
219.0,219.13385744157767,226.05
186.0,217.20176271335686,218.69
222.0,219.01145130266883,221.96
234.0,217.89515609556963,223.85
233.0,213.56045267717445,213.67
247.0,216.23346468973344,213.77
189.0,208.4713222246193,205.21
218.0,218.83287929561146,228.5
230.0,221.21886407120792,216.94
224.0,221.90869119863072,216.29
199.0,211.72605398078178,221.09
227.0,214.34016901783758,227.05
199.0,220.48617733487293,226.96
218.0,213.47970774573827,216.95
221.0,216.467016433525,219.72
225.0,220.26684636811785,218.44
179.0,218.9935096664214,229.63
228.0,217.01968000471615,218.3
203.0,208.12898549531087,210.46
216.0,217.4255291897859,216.31
226.0,221.84963373681651,222.06
209.0,207.40182197689944,202.18
237.0,209.80560683875615,211.4
218.0,221.42931770409874,222.57
211.0,216.18138864174716,210.33
208.0,202.0051716490895,204.58
200.0,214.64280930414358,216.49
225.0,212.26034944190377,220.27
225.0,209.60323242132296,202.06
263.0,225.7530288676126,226.95
195.0,216.34561198560493,221.1
207.0,221.0964425243808,222.6
220.0,219.9816378366574,228.81
185.0,207.67503969963937,206.78
211.0,207.9256517092318,210.75
236.0,217.50270439838988,225.17
229.0,225.2007135352505,229.07
219.0,217.3306549679842,225.79
243.0,216.45498896803855,217.57666666666668
209.0,208.33676381010355,205.01
228.0,219.95259630790093,227.48
206.0,205.28391001700294,197.83
196.0,217.3787035705198,221.39
216.0,198.51404595584765,201.83
228.0,206.06177605232833,214.81
272.0,225.72653786731416,220.98
218.0,226.86445391728245,230.9
257.0,222.37262928214273,215.63
235.0,212.85891301979092,206.65
228.0,210.67208449046052,206.12
237.0,221.60285298894945,218.92
228.0,224.03123001023175,229.14
216.0,216.51504380769325,223.52
202.0,213.46005325656154,210.46
190.0,205.33027915149972,199.31
222.0,216.91299823713368,226.78
226.0,206.77618477187565,215.94
204.0,210.3113221576151,207.58
226.0,224.99075169146616,217.08
222.0,221.88001039578506,219.65
240.0,216.49934846640497,215.62
263.0,226.37405209967912,219.42
214.0,209.46121001874513,211.7
210.0,219.43881737733534,236.44
230.0,229.65727553359417,220.08
202.0,214.51937359972626,205.32
236.0,211.57121573624266,220.68
253.0,211.20811034852386,217.93
243.0,222.02514372464557,228.39
211.0,205.53731648957108,213.12
249.0,208.5843609846516,197.45
230.0,228.9059389199077,224.09
202.0,232.73733166462023,236.84
215.0,215.85320833354194,213.15
244.0,223.51766363066133,229.72
195.0,216.50691544805386,213.15
250.0,220.05733632443543,213.57
200.0,206.20993727174454,212.41
247.0,213.09721928513704,203.72
278.0,224.69958039334628,217.48
235.0,210.5105786113573,224.08
214.0,212.64707044757546,215.37
214.0,225.8533122603512,227.77
217.0,219.25640164195113,222.01
225.0,224.4236284667287,221.95
216.0,223.36314049733443,216.63
231.0,216.91888998230473,226.18
281.0,219.01294731193508,228.68
217.0,235.82662563877426,229.78
228.0,223.69758654736836,230.85
262.0,217.83199185815704,216.15
235.0,221.03463392298954,224.47
246.0,220.57853986203702,219.8
240.0,225.6496405659508,232.44
217.0,217.362207014636,224.62
195.0,223.77239974355115,216.75
221.0,227.65301852081114,229.65
240.0,224.80238957717273,232.28
234.0,225.1582869852055,223.77
240.0,222.56813892193492,217.37
210.0,213.96171480371157,203.91
227.0,216.38309639630305,218.09
250.0,217.57879872058317,218.15
206.0,222.77730051047524,224.44
192.0,224.99604559879114,226.38
225.0,225.69779859116892,217.43
211.0,227.34593586236562,226.54
238.0,235.64908304201919,223.01
236.0,213.22308698252505,213.23
257.0,234.56616309713252,228.23
255.0,226.48216360081392,222.03
198.0,225.5845033696541,219.11
205.0,222.46926375662724,218.5
208.0,208.10353772434496,212.41
207.0,215.7957840025098,224.91
217.0,221.06094061833176,209.99
246.0,221.2036841418386,217.13
227.0,220.35605837166017,224.86
246.0,227.8194458782458,212.86
223.0,218.28609267072932,215.02
191.0,236.90062149931651,230.69
231.0,217.1963726551738,219.5
192.0,222.24908478383583,222.94
202.0,223.7705395201856,225.47
194.0,216.3212489610914,219.08
211.0,222.51955853987647,226.35
241.0,236.00900046535122,232.45
224.0,241.8715551894049,226.22
235.0,230.23426721662713,224.67
240.0,215.79817230056258,219.72
229.0,221.10989911510694,218.18
198.0,230.4205140186475,227.64
193.0,220.95511411125068,228.99
222.0,216.02391565702447,225.95
256.0,231.71362045265232,225.44
256.0,215.94548019973845,226.3
227.0,224.0558798589579,224.55
229.0,209.50507190647835,222.2
234.0,225.36163480662785,222.09
221.0,214.3637036962743,226.97
236.0,225.17286168679425,219.91
234.0,218.23072958666165,209.41
220.0,224.86470088708813,229.72
229.0,219.02580565159167,219.72
230.0,233.40307888690654,235.6
214.0,219.84583205254086,228.9
209.0,221.31703668113477,222.18
232.0,227.11971575211862,228.26
230.0,217.3209018882897,216.37
215.0,212.3060347410305,212.38
241.0,217.29200914350514,218.6
227.0,225.3172528621912,229.08
213.0,219.66293585853597,222.04
226.0,213.88093613634598,216.71
245.0,212.3591953597827,207.48
242.0,215.60540895973028,203.88
221.0,225.23082052201894,220.85
196.0,218.85918877706436,223.68
233.0,221.67120526063394,226.8
202.0,212.78320243693065,223.24
243.0,219.20787802972467,219.78
218.0,217.8594978000448,213.12
224.0,224.936242082845,226.02
210.0,211.24406656228777,214.76
216.0,221.79042165010105,228.55
234.0,219.11523761580037,220.32
246.0,223.76763622343725,224.07
229.0,219.11327869225948,214.51
228.0,221.79900669034254,228.5
214.0,206.98143729558052,202.0
203.0,223.01586302173445,224.23
203.0,224.01686454680214,236.57
198.0,222.8398573430529,227.03
226.0,224.6338046253391,222.32
255.0,218.83551233232737,221.56
276.0,226.47980805885868,229.47
208.0,220.1789745721983,229.59
204.0,225.12420210931393,216.68
254.0,226.7457990811583,226.44
225.0,212.748022484079,214.74333333333337
263.0,226.12273500586892,225.52
206.0,218.5414937430288,220.45666666666668
208.0,220.56387704805437,222.61
217.0,225.7269789449088,224.29
226.0,210.7522377964992,213.46
238.0,219.10732568767816,220.72
229.0,219.3118631894007,211.27
232.0,219.16474909998539,220.3
244.0,218.25555454487431,224.51
201.0,218.52928275732882,217.72
253.0,232.03839536389768,225.71
194.0,208.93259122370569,209.61
222.0,230.6164793592099,232.01
264.0,220.89316666439566,217.73
211.0,224.6106797961806,230.0
225.0,225.35406941386705,230.97
199.0,212.1970169362462,210.24
197.0,210.04547190055996,218.84
241.0,223.79456986899453,204.81
235.0,224.02406178383464,224.64
185.0,220.27526760921234,222.78
221.0,218.98512392583095,204.92
213.0,216.03746622155424,208.31
215.0,225.12180426549617,233.54
213.0,214.32850909976676,230.49
238.0,222.3063075034367,224.71
258.0,225.57103215575236,224.2
210.0,207.97953183954462,209.91
224.0,219.91253894315494,226.06
218.0,218.36056425375517,215.76
223.0,221.88136738390114,227.02
201.0,224.08475798056685,236.455
245.0,217.17149622010925,202.62
207.0,206.27725527202915,206.15
226.0,229.73037940599676,222.72
197.0,225.8128021361518,235.69
243.0,218.2062189344382,220.62
215.0,229.8073972248127,219.63
229.0,220.79857262065417,211.81
233.0,234.39474016383537,228.79
247.0,222.71408773752756,221.18
229.0,201.86070870808817,197.88
230.0,225.54172622837325,235.04
186.0,222.68330469732297,229.02
217.0,216.7318772498798,211.99
289.0,215.7731778973627,211.75
228.0,221.88143095509164,211.08
211.0,227.2992601825897,231.47
212.0,207.81719022517376,203.42
209.0,215.9471474379692,201.94
223.0,224.89598585107416,214.69
216.0,225.40631257383637,217.94
219.0,228.9444086133641,223.23
208.0,217.22815893462865,220.17
236.0,217.3584857634255,226.02
221.0,216.34743925704012,210.71
219.0,217.45974589346963,216.64
245.0,228.96765764433047,217.77
218.0,216.66776926805267,224.94
234.0,215.765721474178,221.76
223.0,228.3154061976296,220.34
213.0,219.56724338437175,226.69
210.0,214.26153839836232,212.29
231.0,218.5282795180786,226.32
226.0,221.26162133621608,224.85
227.0,219.74107702083126,219.42
207.0,219.12643109011339,210.72
259.0,215.76082985125387,214.11
239.0,233.48831415758767,229.53
210.0,216.5064999130524,224.73
232.0,219.56655508064728,223.4
204.0,220.75808390050855,215.28
240.0,215.0478870893986,233.49
279.0,219.2162953291902,218.85
243.0,226.71195678735575,233.58
220.0,208.74028689647963,213.71
230.0,208.76661880277885,203.19
283.0,231.3938426860112,234.71
215.0,226.00851044680206,232.59
167.0,222.35632986933584,228.11
206.0,218.8637968681316,218.47
216.0,220.52018127124842,208.68
237.0,231.5142610671739,229.22
221.0,221.0328929993737,236.6
205.0,206.98416563804847,201.45
201.0,215.42284620494877,222.35
200.0,234.94824925285258,241.97
231.0,211.32185070350783,214.67
276.0,217.40640589196568,218.94
247.0,224.52039492421147,220.2
249.0,228.00260707992962,222.06
208.0,220.97065188632087,214.88
214.0,216.57577136746772,215.55
223.0,202.80432467483712,210.21
231.0,228.16338952632356,228.97
248.0,237.35921498413794,234.52
232.0,216.71277130023884,216.41
210.0,227.993484459453,217.93
219.0,222.0626419950005,226.37
243.0,219.84093103905792,209.81
224.0,235.1607462373229,228.33
235.0,216.1715246525496,221.1
231.0,201.75094661374652,200.51
295.0,230.8023940938383,225.15
231.0,225.58235083218545,222.35
200.0,211.14210697338578,215.52
222.0,211.5983125726343,206.42
209.0,230.81868511639857,232.14
182.0,220.29043350323838,208.23
237.0,222.86625295601206,251.4
205.0,216.84183435120454,216.99
202.0,224.61178949631625,219.47
211.0,225.50048271247613,233.38
240.0,223.78763430665862,224.29
242.0,231.5758497283791,231.71
201.0,216.09236207819907,214.59
252.0,218.24987921074018,230.18
246.0,230.09171538726736,227.71
228.0,224.82683506931755,216.18
274.0,221.43994648791926,219.22
210.0,210.72624248705324,208.4
238.0,225.9214956554781,235.28
197.0,230.39418001613754,220.7
250.0,221.1412329861473,221.14
220.0,221.16028026665583,225.45
269.0,232.73375623558448,236.06
212.0,208.8398806129187,221.18
215.0,218.82522733871826,221.32
259.0,230.7895850938622,233.03
208.0,220.75325720120367,217.94
222.0,229.05100595290793,222.475
260.0,235.44312402163857,231.42
219.0,206.73844413574483,211.23
216.0,226.720963792438,225.37
220.0,224.85821263527578,217.66
234.0,218.51977424094503,220.68
233.0,240.25491986166077,228.94
207.0,223.0035159759378,226.27
200.0,227.82230644050543,231.4
247.0,206.66031291195765,195.32
233.0,225.8753519305775,224.78
217.0,208.9094851350382,208.88
274.0,229.7760064075103,235.39
265.0,251.38040223427618,240.6
222.0,215.22096279295704,222.49
240.0,230.46682585584335,228.05
244.0,218.56946863703092,215.94
233.0,216.62637640083165,207.27
208.0,228.37456521934865,231.43
226.0,219.4455505639776,223.83
224.0,209.40942157897052,210.42
233.0,216.72776988644904,212.76
204.0,209.90624005921188,210.01
224.0,237.65410849389747,225.26
221.0,222.04878370844938,215.71
222.0,215.70530706487438,213.51
206.0,213.56734750638958,220.19
254.0,227.92870273596998,233.385
249.0,245.28537373200516,229.35
213.0,225.4920899135874,227.98
269.0,233.72962298828708,230.6
271.0,233.60721329974876,231.18
235.0,223.19016192520948,222.2
225.0,219.6229225602271,227.85
211.0,213.65306850893478,216.44
219.0,222.51174801645303,225.53
250.0,231.72472736283294,226.1
197.0,231.4904278409615,233.77
229.0,224.33859225890518,220.29
237.0,211.84883429277838,209.49
216.0,242.10122944771624,238.12
238.0,226.31140445018417,228.3
228.0,215.60032956414182,215.39
200.0,214.20927222497076,221.1
222.0,221.1222629611336,241.0
246.0,230.4396494320303,234.3
203.0,231.20998224178257,233.85
232.0,217.0677183177047,211.96
196.0,221.4091298874717,219.57
244.0,228.02174092457062,224.42
236.0,244.28276232637103,235.35
203.0,216.23822452549206,210.22
275.0,232.47346197195313,228.15
200.0,224.54687559400224,228.01
200.0,224.53141605392477,219.87
226.0,219.6542277932289,224.39
216.0,217.57048511711633,221.09
217.0,227.31520043822758,224.29
235.0,228.0881434264797,226.7
209.0,230.63694639380202,232.98
247.0,226.16076133043077,215.62
237.0,224.81027905922468,213.22
224.0,217.90635151014374,216.5
213.0,223.36868908108704,230.4
202.0,222.32367409820358,227.63
219.0,209.633673807744,212.63
195.0,218.45420045663195,216.41
225.0,225.60066979840693,218.23
237.0,222.93399198118863,220.91
196.0,221.64918374273236,217.23
232.0,222.40349831912775,236.98
230.0,237.07981182954882,222.86
227.0,208.49674482558888,199.02
243.0,230.78076664577748,239.43
248.0,221.02767767915796,221.94
238.0,221.90015586992297,216.23
225.0,223.883207615799,227.85
244.0,227.77438921232144,234.22
214.0,227.477316838835,232.73
219.0,234.0304464888717,231.14
188.0,214.6326491001746,229.41
245.0,208.59704246998382,207.52
232.0,213.88282682376555,205.38666666666666
229.0,214.4364583295357,211.48
208.0,225.96814012741794,223.96
220.0,215.22395692710302,217.95
230.0,221.17556218855617,225.32
227.0,213.31944649108578,206.63
257.0,222.3259253358475,226.12
218.0,214.08242489066467,215.53
261.0,228.93103315832087,225.62
203.0,226.49834151633635,220.72
196.0,219.46820444039741,226.9
257.0,228.04299533532537,231.99
229.0,212.57449831373506,206.18
232.0,220.31757072171183,221.3
197.0,215.80501818176276,218.3
216.0,225.2094299908042,219.17
216.0,227.13240523569795,228.74
243.0,222.83867060406948,223.68
189.0,224.21133019374304,221.3
212.0,211.04243976772833,210.97
221.0,209.28381012749557,208.09
237.0,226.1444946532411,229.59
230.0,220.89440780032385,222.89
211.0,211.39722182978528,212.9
238.0,204.53997325283598,203.81
248.0,224.75296953869798,224.1475
270.0,212.7617838555097,223.65
193.0,209.52198711436688,205.61
215.0,231.42574675791488,223.75
235.0,232.54832978139382,223.68
204.0,206.66581876122157,206.4
197.0,220.64942703794816,222.95
244.0,216.64990482585915,218.32
226.0,229.88472605726213,236.18
199.0,202.96869231308852,204.34
235.0,230.25464143367756,229.12
210.0,228.8447782401591,232.81
223.0,211.75576605260355,212.61
232.0,232.0436565151251,237.86
187.0,225.11282925224913,218.77
267.0,221.87788904567225,217.59
192.0,201.57501952217422,195.37
209.0,201.52188191684422,195.3
233.0,233.99401698936487,232.0
236.0,225.4902784215897,223.11
287.0,222.90627388030526,231.49
200.0,202.23144111949728,203.78166666666667
232.0,241.45425767716432,234.42
241.0,224.2818817935934,217.48
205.0,217.31499259910657,202.05
236.0,237.6027490772619,229.78
192.0,200.54663468754123,197.04642857142855
213.0,199.14262932757788,201.06
241.0,236.6407862492914,234.74
201.0,205.1342712927617,212.12
222.0,227.2835744489169,218.69
237.0,198.6589049475773,199.77
252.0,216.38910730649798,203.96
227.0,219.70919931614648,226.59
211.0,223.2376971376744,212.66
221.0,220.5464384918503,220.94
220.0,225.6588710198879,226.61
221.0,226.96003679341175,241.77
228.0,221.07530921891095,223.35
169.0,216.71004448555206,210.41
218.0,220.84615460407954,223.82
238.0,224.427122368082,232.57
238.0,223.84611572668007,228.62
243.0,218.12119989910752,214.89
203.0,200.65473854221142,204.93
222.0,224.36341684559858,222.99
203.0,230.37017185612513,234.12
222.0,195.9040318329806,195.01
230.0,224.29882348294632,211.61
215.0,217.31499259910657,202.05
193.0,198.806862006245,203.89
203.0,215.68515241649075,220.33
250.0,225.3918016802316,222.33
226.0,205.2006932994242,202.78
199.0,206.14937172606218,204.49
234.0,225.74462519101053,222.23
207.0,229.09662885758635,225.43666666666667
229.0,208.51712996097928,207.90666666666664
198.0,224.42801681344264,217.44
216.0,211.38202919702115,205.85
164.0,211.13736901526778,187.99666666666664
215.0,215.87411899504596,216.51
218.0,191.83997281175817,198.165
198.0,216.5692374804765,216.93
233.0,195.07491301833505,212.2
235.0,208.50205551266356,220.48
225.0,213.55830345254185,211.69166666666663
223.0,210.31312584794208,222.27
226.0,222.0120549386088,221.07
220.0,221.62326054992974,228.34
212.0,219.295713148398,214.31
242.0,216.1936169551461,220.76
203.0,220.88570012701632,225.55
220.0,206.28785008312684,202.9
230.0,213.53712468757956,217.23
195.0,230.25458235132174,228.41
224.0,214.73374580259096,217.0
196.0,225.48373616483212,226.2
210.0,223.64671983964183,233.21
205.0,213.37029428222522,216.72
231.0,226.91110501489436,222.08
223.0,216.17120777676286,227.92
228.0,226.0227776426825,214.0
229.0,220.86969902519166,228.67
164.0,222.04639874371293,217.38
244.0,229.60587706682514,230.19
226.0,213.42096755171042,202.66
211.0,215.7007428239312,209.98
234.0,217.7040014585615,219.43
212.0,216.53217466235628,217.49
190.0,220.33785425657075,219.53
195.0,223.11236800068744,217.16
220.0,210.70646318775601,212.87
222.0,214.35748668506983,222.76
226.0,218.2813154867914,223.89
238.0,217.04074274180414,220.98
219.0,220.31584267717733,206.04
235.0,220.68819296665635,220.33
214.0,210.9047994781919,204.4
236.0,213.95789857764166,211.73
206.0,211.74965144640998,204.292
234.0,207.14430171106122,211.31
209.0,227.1801790889569,220.35
226.0,227.86860167330403,223.56
178.0,210.09553639263518,196.65
216.0,221.41923745907044,219.34
224.0,227.6203190752413,228.92
201.0,208.44583385525846,214.835
203.0,212.5501643200032,217.41
217.0,217.42070970398544,216.92
240.0,205.97850356522977,210.52
199.0,224.3404513464891,226.41
207.0,221.58756367785827,227.12
228.0,222.74366431768226,234.19
219.0,201.6664751373762,205.55
223.0,211.94785782883446,204.01
219.0,220.4023694043766,222.07
200.0,229.44489436035104,239.39
210.0,223.4516588829482,218.15
221.0,222.55326159621575,222.59
193.0,218.53609161024386,209.9633333333333
216.0,216.59799432111407,211.06
186.0,217.67913280543098,214.16
207.0,220.03569268445716,216.27
244.0,209.79265840548396,214.22
208.0,214.57491236171006,220.31583333333333
205.0,205.09569784219968,202.79
228.0,213.71327176029854,202.62
220.0,217.2223326804288,224.58
208.0,222.06929190986602,217.41
219.0,205.13538724705018,210.09
204.0,208.9165612869321,206.07
221.0,209.07495114260536,208.75
220.0,218.40748949266512,226.17
228.0,218.93750467732696,233.23
217.0,221.5575867539733,220.53
224.0,213.52787804172513,206.78
223.0,207.43520976682032,213.92
216.0,214.557954851959,209.32
235.0,215.98001746356422,224.76
231.0,222.80586567744615,222.44
245.0,206.40305661211596,219.16
182.0,211.020143283903,216.58
272.0,214.56573279571495,213.49033333333333
253.0,210.82463582116523,206.0
181.0,215.37805905601834,220.44
214.0,213.01964377376345,208.48
220.0,205.53890608064137,202.55
193.0,220.62028159687998,221.66
208.0,212.4339479465721,225.35
245.0,206.36928120233998,227.61
230.0,214.93159326463984,210.43
228.0,219.26566994913313,227.3
232.0,219.1789751096386,217.95
200.0,204.53726886373911,206.61
269.0,213.33235262249542,209.26
235.0,214.0305871313559,213.41
198.0,214.23901826951533,215.25
217.0,218.25662427615157,237.29
240.0,207.45275088324146,202.2
215.0,210.23718320933324,218.34
198.0,211.30483256388305,208.54
220.0,212.90960538154965,212.86
211.0,218.73296307876927,227.98
223.0,215.7735474055197,206.05500000000004
234.0,225.41942108093966,226.17
239.0,210.3890001889887,212.19
232.0,217.25621341605222,220.56
185.0,220.25193085785162,244.33
179.0,208.29087650680242,212.51
198.0,200.8529165029105,204.6
193.0,226.5098886988886,216.23
196.0,212.89622251683525,212.7
206.0,217.92975885036662,218.59
214.0,222.74542709845838,224.64
218.0,211.5862076763005,219.24
226.0,222.7159409637018,225.3
239.0,226.61992885567696,231.72
204.0,222.23470040381915,225.66
202.0,226.20017069194688,222.51
186.0,215.37791807446078,217.8
205.0,208.9839108870524,207.39
219.0,197.2842139052397,195.4
197.0,214.01086538663333,223.22
194.0,219.03650284721994,218.74
226.0,200.31609527118098,205.47
228.0,228.2000797196175,223.545
269.0,222.56653900035695,225.35
211.0,222.3561483504903,218.57
232.0,206.30025450706813,204.8
222.0,208.98153954517932,209.44
246.0,220.02023780964444,212.08
204.0,215.50779227853008,215.71
217.0,220.61208770564272,229.3
171.0,211.81535703803485,206.8
231.0,218.7481449483996,240.33
223.0,216.21662320785668,215.33
199.0,206.53011789047255,214.88
212.0,229.24899708055744,233.56
201.0,207.4393268524461,205.46
238.0,219.2870298204611,216.17
218.0,214.5838873749571,227.35
221.0,215.9221223953628,212.14
203.0,213.29816381381175,203.46
213.0,210.99546146382198,205.34
207.0,211.49426948686437,233.59
233.0,215.57130850023395,214.13
212.0,206.03843420307666,202.93
205.0,220.02510312645657,223.91
219.0,210.98584393723553,204.11333333333334
203.0,205.37464198318253,214.16
222.0,206.31269378257412,203.21
181.0,205.58911425879757,198.17
203.0,208.91126114667819,206.8
214.0,211.5046430053473,216.93
213.0,213.00485422987964,215.77
191.0,214.5523144100162,221.46
213.0,208.85230254024546,209.82
240.0,208.6075049060837,204.34
216.0,214.18808060140745,211.36
227.0,220.23276325680084,222.14
232.0,209.3479261075698,204.67
195.0,222.70999168443637,213.8
185.0,213.42067525808767,206.93
193.0,207.15740320049287,205.79
184.0,201.8289436979613,194.56
206.0,208.57122634712286,212.14
204.0,209.7967244274813,206.09
180.0,219.53701533294497,221.5
202.0,213.32727242242754,221.6
238.0,218.52832203625422,204.03
208.0,206.67139171082513,217.84
223.0,209.11269764014588,205.93
249.0,207.78529493551628,206.57
216.0,213.04242814602696,209.05
229.0,218.2649290973722,210.8
217.0,212.39876289582952,210.4
203.0,206.66868283214995,205.51
212.0,210.16549967992412,207.16
193.0,200.6051040329608,198.98
242.0,221.45413019570992,224.71
212.0,215.58194369341345,217.65
232.0,209.26636980671694,217.68
235.0,204.37078026737447,210.84
206.0,207.33862498338925,212.49
236.0,207.05198364233382,207.02
201.0,214.14719589164042,214.86
211.0,212.1142477455041,219.0
209.0,214.99464223844052,211.1
171.0,218.92084763513222,212.01
225.0,212.3166837938668,208.97
214.0,201.6997488192035,197.43
211.0,218.4073506676817,225.19
209.0,216.58880268051706,211.71
217.0,209.69821937864324,212.04
206.0,209.52487225879048,213.8
241.0,198.37120573353343,202.14
211.0,206.9166981107535,208.8
234.0,207.50928022170723,207.84
173.0,217.3295319960241,221.03
214.0,215.43115257443088,215.34
207.0,208.29028466509186,208.72
186.0,207.74366375913743,207.02
202.0,216.04184033709217,221.48
203.0,206.5050226714839,195.81
191.0,207.92797135868346,205.36
188.0,210.37755362639248,231.2
211.0,208.45325673868058,210.9
216.0,215.9308528862598,220.62
250.0,215.96085243156745,208.72
211.0,209.64370667349914,202.97
195.0,210.0032266936741,206.98
238.0,215.14508666685555,224.90666666666664
211.0,206.39411302301812,205.79
219.0,210.57411039618557,213.85
233.0,212.51450957410782,210.12
189.0,207.15904875724976,198.86
235.0,210.49606046328745,209.79
219.0,207.06460739814847,208.88
207.0,207.14381713545907,212.91
193.0,206.28817027174966,197.47
185.0,223.54738334894765,220.27
195.0,208.64068871094256,206.09
226.0,214.2606917447547,204.3
227.0,208.99046565137206,205.27
213.0,218.2395554444176,225.9
249.0,217.21698710116277,206.57
213.0,213.11383518173116,215.97
199.0,211.67287054444014,204.215
200.0,213.83960137090537,217.73
209.0,206.63538633273316,221.32
240.0,217.29412155616563,228.46
243.0,208.49537556670415,203.37
226.0,211.32113783809967,210.78
227.0,205.58998043763893,207.6
208.0,220.3357752288008,195.3
216.0,207.24749326164567,200.64
191.0,208.2058013099524,210.68
213.0,198.30751169781968,190.44
192.0,198.30578659460195,197.3
212.0,211.1852858309719,215.75
224.0,208.80690273338297,208.5
208.0,202.7262922859511,203.6
237.0,210.12186943471602,202.69
233.0,221.40195725308354,226.56
226.0,225.29082815808698,233.03
199.0,203.49560919401893,203.79
253.0,206.92516788738305,206.05
228.0,217.42966037186187,215.66
221.0,216.7924020624414,215.15
211.0,207.2004862992205,202.23
224.0,208.61762298387657,207.56
200.0,220.77414094753948,225.39
235.0,201.66651549897773,195.75
196.0,211.31299503097114,210.2425
213.0,220.73473797490203,216.01
176.0,205.78607095984103,203.61
208.0,208.98656866113845,208.15
232.0,210.41302024825058,223.02
201.0,211.54406097375715,223.15
212.0,222.16087115844624,210.65
190.0,220.34743512639128,225.32
232.0,208.6788007750111,205.93
231.0,219.61396997256995,223.58
180.0,205.88558648191403,208.49
248.0,202.32225480919215,201.43
213.0,216.80148839767133,224.39
196.0,200.1026100224185,195.88
231.0,206.41715944149746,211.11
216.0,212.96588337616055,206.17
220.0,221.40241116879884,225.48
220.0,216.9471922989144,221.09
216.0,209.43232681972552,225.14
204.0,212.85498035336684,216.55
208.0,222.30622815280867,218.19
190.0,218.13067199551878,218.7
219.0,208.47509750125536,212.92
231.0,214.8483133678701,210.61
224.0,210.43224553860188,214.28
236.0,215.87824703997234,210.44
240.0,206.66340590148508,206.18
190.0,193.91081308177706,194.71
212.0,210.89811604371,207.99
238.0,209.67995363262435,204.76
195.0,213.84780849300648,213.29
193.0,214.67243365557096,211.61
176.0,207.31151897275188,211.94
205.0,205.01697364092036,202.66
198.0,220.39097022105352,215.18
205.0,216.23183142422556,207.36
216.0,216.37154882175125,221.13
208.0,202.33353604486018,209.61
184.0,204.23885743814827,213.23
186.0,211.06595864624722,212.19
209.0,209.82870259691595,220.01
211.0,211.36850358617463,206.8
211.0,214.33397696031633,223.07
204.0,215.50667634472194,218.67
190.0,207.74404459811427,203.03
203.0,211.40121004941608,211.79
202.0,205.21896469053974,206.91
219.0,210.2866822269168,202.26
222.0,218.70316087270533,217.91
192.0,213.09727877997278,208.8
205.0,211.21360255444407,212.48
228.0,211.9215070465748,213.04
209.0,201.4110126504603,211.3
193.0,201.94423251889532,201.8
239.0,198.47108219783036,195.87
207.0,212.47398070867376,213.06
238.0,204.71510806726513,202.8
216.0,207.09751294472784,203.97
185.0,209.5072266005211,204.6
175.0,206.58379972144655,198.92
222.0,208.03166951846038,209.49
197.0,220.68259329879493,221.16
228.0,211.2153698043182,205.83
203.0,201.68156536512942,201.76
205.0,201.59136864651487,199.73
220.0,214.51600819284874,219.09
205.0,199.25010160772894,195.55
225.0,211.939624969051,205.75
233.0,211.58586061421371,221.1
229.0,213.79954030132376,220.55
228.0,211.2470304896534,220.3
216.0,201.48272777970504,206.65
223.0,209.49800083199506,210.42
223.0,205.96427579100197,199.12
212.0,207.42344299512098,207.74
237.0,214.1557491157332,219.62
188.0,204.60246453333545,201.39
229.0,205.86952104463643,207.78
212.0,205.41949932897558,203.76
214.0,209.17201697248944,211.72
198.0,213.84347377897495,210.47
215.0,210.80169645248122,209.91
206.0,204.50591409489004,210.16
226.0,208.9186044221985,209.0
237.0,221.6914851111376,218.35
196.0,207.72899100664665,208.95
186.0,211.90598021032486,216.48
216.0,199.97767325180467,202.59
219.0,216.63182630488933,210.99
206.0,214.50573019643087,218.03
192.0,207.66148972294192,201.6
235.0,213.05829289059824,217.23
240.0,215.6731653330861,212.39
205.0,219.2125867202676,214.48
227.0,216.61084215491059,221.84
231.0,201.88747990692713,202.93
239.0,219.6817528273902,216.31
214.0,207.57235399398502,204.72
246.0,211.98190349938645,212.04
212.0,206.06908620023182,218.81
207.0,208.98813175026405,209.07
214.0,213.89564242893343,215.39
229.0,201.52989969753918,203.47
230.0,209.93464121072265,214.98
203.0,202.16920155470595,204.94
215.0,214.79635295575855,207.82
211.0,210.3929839395215,218.99
211.0,212.8180316228599,223.92
248.0,212.60036063987053,218.25
200.0,212.36481723692089,226.55
184.0,214.20508801852503,228.44
229.0,215.32046073005733,235.01
195.0,217.01107101110364,221.01
221.0,218.99820026574656,219.42
278.0,221.492247749669,220.28
232.0,223.95955677036966,215.76
232.0,210.8928020437993,221.64
234.0,208.67252060509597,196.0
289.0,213.69022473350657,212.84
211.0,205.54982284493644,221.09
197.0,212.52526702809055,215.14
220.0,222.47109418569232,218.71
189.0,215.88763976527525,225.67
241.0,214.5458121228606,208.04
218.0,212.5487016956275,216.12
195.0,208.81287483023783,204.9
229.0,231.3618929994089,229.0
216.0,218.23229189104455,210.47
206.0,211.82175031498775,216.67
215.0,214.36331078269552,208.79
210.0,213.845321535739,212.63
198.0,224.10610599360598,233.25
191.0,220.7687688458484,215.68
252.0,226.86703018416642,223.0
231.0,212.2951195249969,204.02
197.0,209.0477948318583,214.01
227.0,209.74363967083463,215.64
236.0,217.76121016329944,213.35
222.0,212.5763008478001,212.34
202.0,218.23318241525652,224.08
209.0,239.7091705834775,245.62
200.0,214.12687413127378,212.2
189.0,221.52858733124668,225.84
239.0,219.26840862210872,212.2
224.0,215.70481547160063,209.14
246.0,216.0083168593374,220.45
252.0,233.3994984009405,247.32
196.0,213.7634501031936,207.41
175.0,209.37882866417118,206.62
222.0,218.8472509927136,211.37
211.0,211.33229051818506,213.6
225.0,210.92207599982356,209.11
234.0,213.76882551772076,216.33
231.0,209.49300915680095,212.07
217.0,208.36536914284318,207.19
197.0,212.47884426091133,207.76
190.0,214.1591985586498,212.71
267.0,204.88597313157456,199.25
198.0,227.15031899742564,226.13
234.0,215.89026262668966,211.06
215.0,218.34099029194869,221.34
194.0,208.7660059285337,205.52
217.0,210.7499265372942,207.2
217.0,211.1542479379096,214.55
234.0,223.24793318360258,223.17
214.0,207.66321114180437,214.76
212.0,216.21288262757923,206.2
218.0,221.3243821132292,231.29
226.0,214.84201369320155,212.8
262.0,211.52280985535816,210.41
203.0,224.3578774156114,238.26
187.0,214.39973792946145,226.83
219.0,201.23030798295054,196.76
226.0,216.85338663164768,216.13
192.0,205.39550055952202,201.4
257.0,227.13585642304284,215.05
217.0,221.8353968088233,217.68
226.0,210.11671182428108,205.73
251.0,218.56795373132388,224.63
217.0,211.38362443318806,214.41
195.0,206.52507297459562,206.86
216.0,214.05644420439432,217.54
231.0,215.38085234225184,209.52
212.0,208.8175201863836,206.88
221.0,210.692311079801,207.05666666666664
192.0,218.90311870508611,218.88
206.0,222.3701333669426,216.89
219.0,222.65872310519845,225.16
230.0,213.58449553354546,224.55
201.0,212.12969893596158,214.6
216.0,225.6590086886094,223.11
207.0,215.17744465447456,208.13
235.0,209.95775510106085,212.08
224.0,220.078316377579,217.67
217.0,209.83645088109728,214.97
218.0,216.87116507706077,221.72
200.0,200.92563881303448,208.29
240.0,225.77948279866524,231.84
234.0,214.00795389547113,211.35
198.0,215.1514097674262,219.82
272.0,216.34635860742287,226.17
225.0,224.20288417465179,226.71
219.0,205.98735047600064,204.95
234.0,215.85788121316855,218.23
203.0,206.11916588391225,208.43
214.0,225.48842482389625,231.89
247.0,233.01352617332685,236.17
199.0,208.3724610946549,206.5
218.0,216.9504103148754,212.94
229.0,217.59047594587264,206.95
237.0,219.35461714157287,224.57
201.0,220.5026333128421,225.06
177.0,209.41168312664183,213.03
211.0,216.97734860521706,236.2
202.0,217.79056562652585,224.28
239.0,220.9690887971953,211.56
195.0,216.7710470112503,221.91
219.0,210.96676448953932,207.06
210.0,209.7433723308951,204.83
220.0,224.10443860016912,227.82
221.0,217.17140553866136,224.28
210.0,220.19799727054286,224.32
209.0,214.00662286209413,204.64
220.0,212.7815970459425,223.31
227.0,220.82867956679604,227.29
200.0,218.91985843122524,216.97
209.0,223.11141721812095,221.25
187.0,207.00409138831338,202.84
206.0,207.88982222536907,208.56
220.0,226.49678058378487,221.0
216.0,213.63984007328884,219.58
217.0,206.90461409174813,217.83
220.0,214.89572124212117,208.57
258.0,225.2177314991888,243.86
225.0,217.23852094693927,212.53
202.0,209.35873741129166,216.45
199.0,211.50665458173867,214.09
260.0,211.12853790441477,205.34
218.0,205.16725795454363,198.9
201.0,200.93825062897307,205.33
224.0,223.32379329347316,230.93
216.0,211.48686942103174,220.89
227.0,216.8504471107596,225.53
231.0,226.39568580114923,234.13
246.0,222.57911400432346,225.83
223.0,208.57114930827507,200.65
213.0,213.066219441896,211.25
211.0,202.67948248708313,208.35
197.0,207.23685746015354,206.2
210.0,226.06143356087583,228.92
213.0,222.56234934498136,220.17
235.0,209.96204284829912,210.31
219.0,215.60565779522855,220.1
216.0,212.66699792178835,211.09
219.0,211.23316773400433,213.73
229.0,216.87069473263466,216.11
241.0,223.40095579868225,229.27
202.0,215.6035908420605,217.2
254.0,222.03464040322086,222.15
228.0,210.78483701411253,207.12
218.0,206.5796808507659,202.93
248.0,224.49177557660886,219.17
220.0,203.85743676856328,202.25
223.0,220.25680472011652,229.3
221.0,209.7164638553342,212.53
207.0,208.8469337513904,202.72
219.0,212.0649809999822,214.86
209.0,213.18320355126693,212.4
212.0,223.07350755022637,223.84
193.0,218.54449334658491,217.27
243.0,219.79422711324304,214.45
216.0,210.9097036083441,212.49
225.0,205.17888080336866,213.81
235.0,225.745795913763,228.83
205.0,219.4768029482961,219.72
190.0,213.38263705475669,211.38
211.0,213.27315147460027,216.49
251.0,213.44711046838597,221.71
208.0,223.97189760297414,225.57
214.0,230.90794781205008,231.24
211.0,217.42074461665715,215.53
201.0,209.88063805534426,212.21
221.0,208.06421080997984,204.76
198.0,215.82023670815903,203.34
208.0,217.0654475957877,218.48
216.0,213.01645602568973,208.8
196.0,212.56196892446715,210.68
194.0,216.48729449897377,227.94
202.0,217.92375593841882,216.14
232.0,219.74117764078727,222.85
212.0,210.15484829482722,212.92
202.0,219.80521311397155,216.16
194.0,212.14823941111086,213.08
224.0,224.06946511984626,232.21
214.0,210.34449463165413,211.22
227.0,206.1497855169694,200.16
217.0,211.81891080574306,212.01
197.0,215.6717835871196,207.96
222.0,224.85227797918594,231.98
214.0,210.13864758219563,203.17
244.0,216.2198831336807,216.53
248.0,216.56704944250384,229.53
241.0,212.53536854244683,212.36583333333337
236.0,214.23398917403654,224.85
237.0,219.71453317184952,208.97
223.0,214.74093277022268,223.15
230.0,211.58808764121284,207.87
188.0,214.46742096880513,219.31333333333333
176.0,207.07729180431718,205.33
243.0,219.26036394746953,215.08
213.0,213.3096213152283,213.3
218.0,223.15664252380952,221.61
229.0,209.43948565556383,204.9
253.0,215.24336534566825,217.56
203.0,211.1871971589265,211.62
229.0,208.99766345575654,212.43
222.0,225.6521647476702,222.23
211.0,218.08167274514255,221.05
248.0,210.48650025448228,215.17
227.0,211.68619530737413,211.9
249.0,214.53814650214338,219.51166666666666
232.0,207.54119615189975,216.9
214.0,228.7321926528036,226.93
228.0,210.86766428615468,213.56
175.0,211.39637515569734,204.19
212.0,216.11152519041514,219.2
184.0,213.6274044821381,215.29
255.0,222.20615317285987,221.85
223.0,219.85562390461476,214.98
231.0,212.79337630472367,213.95
237.0,207.01007381567592,207.26
179.0,212.56864377253567,210.52
224.0,216.84433379555378,225.33
173.0,211.75139234954548,222.39
212.0,218.90083396830613,222.26
203.0,229.4323753220711,225.42
225.0,221.48852626166507,225.61
189.0,218.3018234514147,221.71
248.0,221.14252544297764,224.66
203.0,221.1605988865369,222.25
254.0,212.50070237166545,207.15
212.0,213.2056729880047,218.79
231.0,210.50288117449134,214.02
214.0,224.80400861150457,231.99
230.0,218.92354790691363,209.96
208.0,216.6179305775732,213.29
224.0,213.32143252488402,218.14
223.0,224.10984404579008,226.56
175.0,203.5067938860858,198.71
228.0,216.33448598315076,220.48
245.0,224.75423194395415,227.27
239.0,219.93087157320042,207.16
239.0,212.0241315744061,217.22
235.0,215.29459138625023,208.42
236.0,215.80054577852945,210.58
239.0,221.55585635703193,216.02
233.0,220.41538801403107,222.7
249.0,225.0144365264498,223.85
225.0,204.6593536372829,206.27
227.0,211.47527348663135,206.01
212.0,215.359937604393,227.82
232.0,219.52220081489756,222.24
181.0,208.5422392153112,205.74
211.0,218.2338212442407,229.16
228.0,208.76459044663775,205.63
226.0,208.17537960397124,225.9
267.0,234.83309533575334,240.59
223.0,217.4998506374888,216.88
192.0,199.1222106725711,195.84
219.0,225.1839385249204,225.53
221.0,229.18951457785988,232.08
200.0,230.48659674441365,236.21
222.0,218.74518631475763,230.16
245.0,221.12754028379806,225.8
246.0,223.34199372420733,222.54
216.0,214.28104312373534,214.64
236.0,212.25461330146584,207.98
198.0,203.97144448396708,207.56
233.0,221.45979243444964,214.32
233.0,219.994519385903,222.53
210.0,230.9257822026694,227.56
224.0,230.28760020045945,228.43
224.0,212.09226229653615,213.68
188.0,205.35908376341007,208.07
228.0,228.93385941696502,229.77
181.0,202.82430813488293,205.72
250.0,213.03069120958872,220.89
196.0,216.70567603559107,208.17
225.0,227.59232995006317,238.35
222.0,222.41898808613186,212.66
251.0,218.90065105640525,218.5
213.0,207.1556811937981,209.82
206.0,223.15622173571103,211.61
197.0,220.13537414177097,213.9
195.0,225.59063440455844,214.81
215.0,228.34104719052374,222.73
252.0,229.0534330643008,224.04
232.0,217.41111636756347,213.71
240.0,195.76493160311153,198.05
236.0,209.06544613489035,210.93
252.0,222.40413359848247,211.6
230.0,223.68338159073002,221.25
230.0,228.61600583687954,227.36
219.0,220.17688190108464,220.46
231.0,214.07321372483392,216.74
220.0,228.94482063969676,232.12
223.0,219.19164179610877,222.92
238.0,218.4510990768579,229.04
174.0,210.27080323068918,197.75
189.0,217.68331367856035,218.01
199.0,224.62520025603072,215.93
202.0,218.05944432208602,218.57
206.0,220.03793359159343,222.66
240.0,221.1453136518005,216.71
194.0,207.80097678866696,205.2
212.0,214.0376923549921,216.57
178.0,206.15242903939912,212.51
191.0,225.69436608395176,218.43
246.0,221.53124161681026,226.08
264.0,222.40588502795845,221.37
217.0,206.09657048079208,206.65
222.0,220.55442077204123,217.99
202.0,229.35176588230203,221.82
207.0,205.5440227211621,202.55
199.0,209.5250235708557,210.19
242.0,218.84828249848314,217.19
202.0,227.3427481142919,226.57
240.0,214.4902671272043,217.57
194.0,216.3408032223117,231.55
172.0,210.45921719335377,208.37
224.0,206.5885209601782,204.04
253.0,217.57151252605073,209.42
220.0,214.3669158508256,217.89
241.0,223.68581918783667,238.98
250.0,224.72708733628986,223.15
202.0,217.08220523745814,218.19
252.0,223.1520802231274,229.2
193.0,203.30226789161316,196.02
206.0,218.16583399187851,224.99
218.0,215.42389196237465,226.05
207.0,216.38813876360632,229.43
219.0,210.8161410703721,219.26
224.0,235.63895404588635,233.06
217.0,207.61632097077228,204.26
239.0,226.22415583853706,226.38
248.0,203.8894463215205,198.3
202.0,208.60313449538137,211.48
240.0,222.9972121638075,229.86
197.0,219.24468793524818,217.62
223.0,213.87405926362277,220.68
242.0,215.81226009354504,215.73
234.0,214.56275112817045,216.59
210.0,203.39194614274643,202.91
206.0,209.8572076812188,208.16
190.0,211.40691517785066,219.21
225.0,205.8343960970422,207.51
225.0,203.34037725115832,206.15
199.0,204.64190786757442,195.69
225.0,217.0594946116867,208.12
225.0,224.15813095748354,238.27
209.0,216.33547849989378,228.16
200.0,206.75570272136483,209.02
226.0,218.24737276919961,229.24
195.0,208.286821186832,217.66
229.0,221.02071032115367,226.73
207.0,213.22233003019943,218.32
227.0,218.62919844744565,222.96
218.0,230.3115321063668,223.34
230.0,226.87759031938577,228.29
243.0,210.69669942651493,206.52
196.0,218.83146520677084,226.22
184.0,208.69369411696118,211.53
215.0,215.33251863911755,216.99
221.0,220.48170240354625,219.93
225.0,221.3910069080652,229.86
272.0,199.09312154822845,202.41
203.0,206.03613697921492,192.96
206.0,210.7640115858702,208.78
228.0,215.93486958872296,218.62
196.0,225.94065445380238,228.75
235.0,212.8875483631441,210.87
186.0,219.03582173685356,210.33
188.0,217.2760320758952,232.01
222.0,213.40449849882714,231.42
256.0,223.25683253057684,239.69
213.0,207.04129344389685,203.21
233.0,206.42796741190293,203.92
237.0,220.00941249105966,222.04
196.0,215.6048618132498,217.3
258.0,224.54412659051894,214.47
240.0,213.75128712555977,214.59
221.0,219.12269574245272,208.96
215.0,222.44355760365448,225.83
264.0,218.99405565663994,230.64
214.0,213.99012436594933,216.93
227.0,220.11853538489794,213.99
200.0,200.02216110992103,205.44
238.0,218.6295854996147,209.95
210.0,211.51978706269335,214.77
193.0,207.82264344206743,213.24
219.0,207.4598020814521,221.32
221.0,208.22970002713598,210.76
203.0,224.80291917964115,221.9
214.0,206.299944648953,208.06
218.0,217.6423234877398,216.63
184.0,220.41239934929524,210.83
219.0,216.72125903336035,226.86
240.0,224.8664619032897,227.7
212.0,220.19638154904703,210.52
208.0,219.45677326523912,219.92
214.0,211.62341912244278,211.18
216.0,228.70842785887933,222.23
181.0,212.83851053622118,213.79
260.0,226.57679624158237,227.89
220.0,207.12065470958578,218.64
212.0,217.7861134923083,215.57
203.0,212.86091269693281,215.06
209.0,209.85710198385217,210.73
195.0,216.585871509249,207.8
204.0,217.33706696569146,224.93
219.0,202.24136713162386,188.36
186.0,209.9302109541457,213.11
228.0,226.4617681144355,230.93
224.0,215.76490289092285,213.58
261.0,224.23864522622642,224.07
224.0,211.5230370500092,216.05
221.0,203.9661006487953,199.78
230.0,211.45165104683957,216.37
188.0,207.24691198723622,211.65
216.0,222.95947621308767,207.56
238.0,217.2045016026455,219.63
202.0,224.40520107813688,221.49
203.0,225.19220786611734,230.66
231.0,217.5520027232671,214.84
238.0,209.78328169641196,208.9125
215.0,231.75143167764531,233.82
224.0,211.49846615991157,209.31
222.0,205.5758353268752,208.97
213.0,215.39342579795684,213.39
214.0,210.09031675927122,209.46
225.0,228.5585559431079,228.59
284.0,220.33289378921276,222.01
242.0,222.97143016887551,217.38
216.0,211.67736066737206,212.19
244.0,211.01080403607637,211.53
228.0,221.88307494310675,224.28
206.0,204.36908227441413,203.22
202.0,210.13005569996898,207.06
239.0,220.5478832006947,225.2
192.0,213.382068267429,207.65
222.0,213.8007124171316,208.14
231.0,220.07714271350972,207.72
200.0,209.82820575054512,210.85
235.0,214.1505421857641,221.69
221.0,218.3365806759068,220.0
228.0,210.9126452858063,220.51
223.0,220.51591965443566,215.91
253.0,219.3320566511244,226.84
258.0,221.86490027127888,221.4
231.0,209.37224916248135,205.08
235.0,221.07774897259173,217.27
216.0,221.284465750521,227.1
210.0,214.05053722699148,218.0
244.0,218.8662103361807,212.03
204.0,218.01490600865387,213.87
237.0,227.2262635558152,228.35
204.0,211.62680538616843,212.6
250.0,208.1305431355066,215.8
246.0,225.73442676153383,222.745
205.0,232.64065000669535,230.82
218.0,220.4263594120643,223.86
225.0,228.1686136287855,221.15
236.0,225.60098783045564,231.07
232.0,223.4809371521207,218.74
220.0,207.15399527543968,199.64
179.0,220.493819942168,214.96
230.0,221.75742465781144,234.43
206.0,224.22553671912317,232.78
212.0,208.10013213155236,209.31
214.0,212.90992382607823,216.85
241.0,212.10725408138782,219.26
238.0,227.45737374039078,225.48
183.0,210.09608022627964,208.94
212.0,209.48848898229488,209.01
210.0,217.55154370966085,228.08
216.0,222.13250176197724,214.71
245.0,231.72340354296034,227.7
244.0,226.6168678375044,240.04
232.0,220.53180764922251,214.39
241.0,223.74350213766905,224.15
193.0,218.54763332338595,224.62
213.0,217.95741863315658,217.97
212.0,222.46259921858612,217.3
234.0,217.67813680016545,226.24
219.0,216.88610593300984,198.01
228.0,217.73446877924127,224.02
220.0,218.99574820067048,216.39
209.0,212.5687036593709,213.32
237.0,224.9026376857204,228.55
207.0,227.5182705892027,224.26
245.0,225.84144781001265,227.19
239.0,223.65350332639375,222.81
221.0,221.32443164907644,223.09
247.0,228.3758849423861,230.08
240.0,217.10620402739204,220.35
218.0,213.51007368219962,212.19
227.0,218.5661825807814,226.67
237.0,222.177243079896,222.36
239.0,222.84718660371027,225.77
237.0,233.8843463407335,238.72
195.0,216.2152623392186,213.33
203.0,211.10636817097097,218.04
205.0,220.25240410263388,222.77
189.0,207.50373338204884,217.76
250.0,224.38224220469948,224.56
190.0,209.11656104965618,215.84
245.0,204.98157019825322,194.81
216.0,209.70827349324605,208.74
237.0,218.86098076430864,222.49
175.0,217.06980922424384,219.22
250.0,221.63030337837407,216.02
227.0,214.11295637036727,224.15
197.0,219.62589544552537,226.36
199.0,222.12834056895372,204.04
183.0,215.9414157464829,210.05
228.0,220.46833063285828,228.04
223.0,224.83765243028188,223.6
227.0,225.4444956593933,219.35
217.0,215.61784298213922,222.57
221.0,201.0978584314658,197.35
217.0,220.6975164350455,228.02
208.0,221.00794693587613,224.1
251.0,222.1204407563941,228.56
247.0,221.53019740764586,232.03
247.0,219.56384600613933,212.12
202.0,213.95846699345012,217.63333333333335
207.0,219.67914576589362,216.88
244.0,231.88839301338948,223.82
217.0,211.51982448297804,213.88
245.0,218.5359630952878,220.34
223.0,214.80967811069212,218.94
248.0,225.16005207850554,224.76
208.0,215.49638646953497,222.82
197.0,212.801833986271,201.41
230.0,216.90580760562696,220.93
215.0,215.77002460885421,214.09
251.0,230.3319802046351,226.72
196.0,220.69382499861575,225.57
212.0,220.01745306886374,224.17
230.0,220.0590331611338,215.09
238.0,226.2244206299029,220.09
217.0,216.55407862460243,217.19
259.0,219.5324239612641,220.63
209.0,210.2579252105927,212.38
225.0,210.58017997584687,212.7
239.0,219.07294596959014,218.55
260.0,214.04402984194493,218.88
233.0,207.07544187049868,206.62
256.0,231.83183499592454,236.33
257.0,217.30574438451035,226.51
210.0,214.6864200650786,218.98
213.0,213.97989243733656,223.95
187.0,213.38592350300573,214.15
237.0,219.0987254763118,218.77
232.0,217.87753264657707,212.12
196.0,217.7182292532696,207.83
207.0,221.26236154867507,222.95
226.0,212.8820107386921,202.87
219.0,224.80142125059416,229.49
196.0,207.4194417005761,212.75
238.0,218.5883626447329,221.84
233.0,218.44348940134694,234.14
243.0,233.07337685223305,236.23
215.0,221.85378126601603,222.32
249.0,229.38683468885725,220.42
200.0,217.62595291871872,222.7
236.0,216.74925735326457,210.42
232.0,218.93883024129383,221.17
210.0,220.27194742503386,220.6
229.0,224.22199210518036,208.0
229.0,225.90596727096673,221.13
250.0,214.51441389588706,202.24
194.0,227.31470921647306,226.42
197.0,224.8915697850466,223.02
223.0,216.02118415692664,217.61
240.0,218.2377076671732,214.59
222.0,204.8685850511666,208.01
206.0,210.48299076952424,213.09
199.0,219.32635697161962,217.06
246.0,240.0228543844601,241.46
230.0,225.14506537106445,228.92
247.0,233.2929246425049,227.42
207.0,219.04561358892744,219.06
233.0,220.4278259575887,219.84
245.0,224.79918622534797,229.77
220.0,222.9911901391058,224.17
194.0,233.46219288175934,233.26
242.0,223.8767507676555,220.94
243.0,223.91224212688377,219.76
217.0,219.72201064804915,237.31
221.0,225.80697978262032,222.05
223.0,218.08524780265907,231.15
239.0,224.60904690219195,223.71
218.0,226.9436743972466,227.61
243.0,217.04652043998857,222.4
243.0,213.97683841635535,210.34
220.0,212.54830078380164,212.08
253.0,221.65463499921873,225.77
238.0,221.33639748363342,219.98
227.0,224.41104136767996,221.23
228.0,221.94656928716998,228.85
233.0,228.24940439123333,221.69
220.0,222.15946816363203,222.36
235.0,210.76955099537707,212.75
209.0,220.72085357840575,223.65
254.0,229.91058546256113,237.32
218.0,218.51043303237702,209.72
230.0,233.2264975584318,232.67
223.0,214.51465804671787,227.83
215.0,218.53279637974862,213.35
235.0,218.85556830101604,210.85
219.0,221.74865012095765,217.28
207.0,217.52605148025827,224.62
310.0,217.4124856264482,222.0
225.0,225.13584799204148,228.47
249.0,226.77240493258878,223.51
226.0,227.46350263920135,222.32
262.0,227.083269885342,237.85
178.0,226.69042019717284,229.72
227.0,217.5123700882486,223.51
217.0,215.00972331242838,209.1
234.0,225.15607612964345,235.44
232.0,222.17158376199274,223.58
235.0,227.52452425717314,228.27
253.0,218.62359389800642,228.65
197.0,226.06817003987382,224.75
208.0,221.7954580000449,218.38
216.0,226.8739058801474,226.38
218.0,219.12274314220616,215.66
241.0,228.7995636569777,234.42
236.0,231.85152322103073,229.54
223.0,240.14588996179424,234.285
211.0,225.76616526971594,225.97
230.0,220.1520261065551,222.03
222.0,229.13218884493546,228.71
249.0,212.46683961301432,208.58
229.0,226.1849466961405,241.28
205.0,224.1246107925648,231.78
213.0,214.5975397157048,206.16
213.0,219.0177424114043,220.07
243.0,225.81866210580074,219.45
217.0,226.08134368690943,231.04
210.0,222.9375586279782,222.69
226.0,228.24327553338338,222.84
220.0,225.71635447423648,225.47
239.0,230.23916042843933,235.91
259.0,214.1617512436819,206.64
231.0,225.31179264810618,216.78
236.0,228.01787729874727,228.39
217.0,219.67657728094372,218.43
254.0,215.41303992553208,213.135
227.0,219.31210771175074,219.52
227.0,239.3326191518533,236.13
214.0,224.07359453734767,223.18
235.0,216.9896206135339,217.62
243.0,207.98356473392514,203.05
220.0,228.63825315637683,232.54
244.0,220.7400912006327,223.04
217.0,226.30394451799663,224.2841666666667
231.0,228.29209339963992,236.73
229.0,219.76038891627564,226.74
230.0,229.56647585876226,232.74
200.0,220.8785849656156,217.7
217.0,219.19172114673682,224.33
239.0,234.35462840214456,231.73
214.0,223.9744832604169,222.58
240.0,222.02219404893629,220.44
256.0,226.38567596929664,233.18
220.0,218.86047729226573,219.83
181.0,224.82166187527793,222.32
240.0,230.2585124691721,227.83
227.0,220.11657999050618,223.89
246.0,218.8244951237628,229.68
256.0,215.7126330126957,221.33
254.0,224.806918533925,221.99
219.0,229.1066166558486,225.94
200.0,219.900793048784,215.15
268.0,215.72426231150632,217.31
209.0,220.6020033842596,227.82
235.0,222.0627933070657,215.14
246.0,219.8618108847254,224.09
255.0,231.85811189696634,232.26
227.0,225.77166078847216,229.3
214.0,223.31871311388562,223.74
205.0,231.24725919937646,237.8
229.0,220.92300064598172,207.63
227.0,220.98188376182816,206.75
223.0,220.85340861094403,226.5
253.0,224.59959631190208,224.42
251.0,223.893272452909,226.33
257.0,228.37935973098553,224.26
243.0,225.48971510367215,227.72
209.0,227.2647668095146,222.55
201.0,220.47604871025928,222.89
216.0,226.36048634354415,223.34
222.0,222.85867217581335,219.37
201.0,216.01842207852928,218.17
269.0,226.366048746327,232.36
239.0,234.89995377522604,229.08333333333337
210.0,220.91654301309555,218.49
184.0,222.34918820599037,222.14
223.0,215.5554702576074,226.32
208.0,216.4178362319892,215.12
206.0,233.01358057027164,238.34
224.0,224.3208508622576,227.39
234.0,230.41019981857025,226.06
215.0,232.55985747967293,232.26
229.0,223.57425301116854,217.27
217.0,221.3908025716302,229.72
218.0,219.11314862904192,218.63
222.0,214.6327563458027,225.97
228.0,217.15496475229736,214.69
232.0,219.55581379810158,219.07
262.0,231.81101540861158,232.2
206.0,218.43880564400695,221.93
229.0,211.44473187225384,213.01
213.0,222.5629976992502,211.1
231.0,234.32003303653846,228.95
217.0,216.61197018380096,217.93
192.0,221.18015685259275,225.05
259.0,215.0269440850205,204.09
231.0,231.53270794003876,232.82
242.0,218.04443871820416,230.83
245.0,224.38657417358098,221.63
227.0,224.76973206194623,228.23
251.0,221.75157015757264,220.92
243.0,230.15857398194618,233.91
235.0,231.15457254196053,225.67
259.0,229.4713553295556,229.92
230.0,210.92243733404695,206.05
187.0,213.20753207558863,215.37
208.0,215.87783170080365,213.73
217.0,226.86183787737292,221.15
231.0,216.11912802394096,219.67333333333335
235.0,224.58640921768955,234.58
224.0,220.87755206679077,216.02
217.0,234.05364986417885,227.75
288.0,218.63771227003198,220.16
238.0,221.69839064237965,233.58
215.0,221.36579877787148,219.65
228.0,227.79955856980172,227.51
250.0,236.3931301483372,230.58
237.0,235.42429184069883,238.75
203.0,212.22186432004878,209.54
246.0,226.21090262456036,236.32
258.0,223.17123963050787,223.43
203.0,220.04843987781732,226.55
222.0,233.4862706303217,230.56
232.0,217.74810904538703,226.73
236.0,227.09805456812833,222.86
224.0,213.39676660239596,203.43
261.0,224.68641201988805,220.74
241.0,233.46444017777424,226.44
228.0,232.43955357812308,233.04
242.0,234.33141838068502,233.88
235.0,217.3944595416818,216.28
198.0,215.11022903872052,211.2
226.0,216.91971542802537,214.44
254.0,220.34700398730476,219.67
212.0,215.73311506320655,208.95
225.0,231.6279220715298,229.69
251.0,228.73984988327425,230.82
235.0,221.67891533978786,221.52
197.0,226.97740183991715,238.04
239.0,229.04431351986676,229.53
228.0,224.34889656143497,218.6
215.0,241.49497858778435,247.29
213.0,223.3310753911705,220.96
231.0,225.83965311824497,222.95
251.0,222.12469886453803,229.91
223.0,219.6651521630279,214.56
257.0,235.34536718350657,226.02
246.0,223.02440591531953,232.74
222.0,222.92436373209495,229.7
237.0,222.67519939206642,230.14
228.0,214.9373805093328,210.35
201.0,216.26261738526665,225.76
251.0,229.83333227590413,225.91
175.0,236.13107918165252,227.89
229.0,224.7642611048737,228.55
220.0,230.3242970194255,218.31
227.0,234.22960016534012,238.24
218.0,229.20079538090175,224.31
181.0,219.4833878989158,228.09
209.0,227.99919429377894,220.81
251.0,229.62293696110677,230.31
234.0,225.4724867453128,224.6
219.0,210.34354247651265,208.92
212.0,216.21659862569265,213.15
212.0,224.8024759454724,229.99
255.0,213.078188589289,217.39
218.0,233.4737303022335,223.35
220.0,225.88194374366265,223.59
242.0,220.65790483256154,223.18
224.0,231.40866775087937,225.45
228.0,213.98102748389863,218.68
184.0,219.6033507345144,215.48
227.0,213.67124651407903,207.4
223.0,226.85165856065004,234.99
219.0,232.94081344992847,235.6
222.0,220.1714109440121,223.44
252.0,224.82107066236034,225.69
241.0,231.43736921474033,220.85
220.0,210.18932802455862,211.92
201.0,219.15154228470635,228.4
247.0,222.94499378183497,221.03
229.0,226.05239868127387,219.22
222.0,207.56650686245678,209.0
270.0,231.4686730546868,236.91
235.0,217.02773330639542,216.87
216.0,227.89079851700524,221.04
236.0,225.47322909460914,220.66
221.0,220.88834364944609,206.18
208.0,216.50305007813625,218.8
197.0,221.49049806428724,226.48
231.0,214.7772216392109,215.54
211.0,224.27773463591313,230.44
231.0,217.18641212237506,215.52
219.0,214.59155513176813,226.33
214.0,217.54774834043906,226.59
213.0,219.22605246475916,208.88
220.0,226.73028277124882,229.9
229.0,228.88095425938317,220.88
205.0,224.34761504342492,227.17
192.0,223.04415400678067,217.39
222.0,213.2877941959972,206.05
224.0,209.77764537178464,209.72
210.0,219.0478035876414,221.41
206.0,217.25067204580398,218.88
246.0,224.83600628569263,218.55
224.0,227.210380854752,236.17
218.0,234.66339054910918,232.54
238.0,208.70037421812674,214.4
214.0,211.32960292931818,204.76
229.0,217.19417273843203,224.82
218.0,229.3933830438179,220.32
243.0,214.36993417513605,212.99
227.0,224.6476919426719,229.5
213.0,214.0005751194468,219.34
223.0,218.47295387477598,210.61
255.0,221.79145531244473,225.74
208.0,213.031670082988,213.75
222.0,226.96435649152454,227.82
265.0,222.9352100832143,224.66
234.0,221.5270365535164,219.91
236.0,216.40176183677897,217.08
253.0,215.95757145272853,213.43
238.0,220.34149909847002,226.39
201.0,212.93640155455216,208.63
243.0,230.81616106940498,231.37
204.0,219.6619924856407,214.24
239.0,212.96658906869095,217.86
232.0,211.65976903452815,214.36
239.0,221.66323564321124,219.32
227.0,223.62429801897065,221.95
224.0,224.7333483934511,217.17
237.0,212.41330246843347,207.17
223.0,223.15194745613002,228.23
254.0,229.7883959714826,226.16
210.0,229.53679142466683,231.93
231.0,222.96762464483248,226.36
265.0,214.2293050045507,211.51
239.0,223.27219051074945,230.6
238.0,224.65443097024354,222.62
196.0,217.6623860821005,213.8
191.0,220.01884865400672,224.35
238.0,222.31414747012172,228.09
251.0,227.34571592217958,231.09
239.0,225.32781748698883,226.44
236.0,223.57251387260754,230.0
241.0,224.7557965813412,221.4
266.0,223.69073950990622,223.2
225.0,221.0191353327786,219.98
272.0,230.66216289376206,225.6
211.0,227.2401044737067,232.34
218.0,220.27574279425562,221.08
236.0,215.86796030193494,214.13
237.0,237.52871761140153,231.03
220.0,218.96504511940654,230.43
258.0,219.00709122247417,224.26
247.0,230.8915793586425,229.47
238.0,229.30455183829184,222.65
246.0,222.00706988908678,235.51
230.0,235.07740882693912,232.04
220.0,224.70720371220096,229.02
213.0,227.13800098241066,221.59
223.0,215.27906378648152,224.76
219.0,234.71512361136354,229.2
199.0,220.73784698066038,213.47
206.0,214.8815956361109,214.89
205.0,232.94036984424048,216.11
271.0,235.94905812442164,231.98
231.0,222.31294024580941,231.15
253.0,228.76802035161145,226.22
223.0,238.43340794713046,241.57
259.0,225.30272889367228,221.95
226.0,223.433614490651,223.57
235.0,215.24814754590983,210.64
246.0,239.58831914344762,238.24
192.0,220.74833964402086,225.88
213.0,231.6338261280962,232.69
236.0,222.61173231421031,226.4
232.0,220.2612667928422,220.44
233.0,233.58827914675834,240.405
222.0,233.35880634467208,239.74
238.0,214.60260062733238,217.88
211.0,232.52232937405694,227.3
221.0,232.0439804085835,228.75
208.0,222.73299578057285,229.2
244.0,220.17468137603024,211.14
229.0,226.48720886772978,236.45
233.0,223.49431047107012,219.28
248.0,233.6374663454854,231.32
248.0,234.00667663768309,237.36
221.0,216.23111716576204,220.83
240.0,218.0257750016762,219.96
231.0,230.74671511381575,226.18
206.0,220.6767742580995,221.29
225.0,220.058026217048,222.05
232.0,229.73602586529898,229.11
232.0,228.2330572071537,217.01
250.0,230.79623710419492,222.73
206.0,218.64928658332192,226.43
216.0,222.39250588855992,199.68
221.0,222.5973676347798,234.71
222.0,228.50325137296647,210.14
215.0,226.01274440540814,224.19
194.0,217.43613770533426,221.46
255.0,224.427300398405,217.86
253.0,234.30481760666515,229.13
199.0,215.5064456820287,218.34
260.0,227.663426756133,218.08
248.0,226.5358145962146,231.19
249.0,231.56130468636496,219.79
236.0,223.77581584253787,220.0
232.0,229.70081646918578,222.97
244.0,236.2524027306831,243.81
224.0,235.33262700781805,229.45
191.0,214.51866396556687,220.01
225.0,216.39493744121984,210.63
244.0,227.25329195991876,227.1
226.0,215.37746784310076,214.64
235.0,220.1086836866154,216.32
250.0,219.40592239805704,224.85
287.0,225.51673668627086,220.88
223.0,228.05337920479627,218.98
213.0,228.09914307055192,221.32
216.0,228.2523478332701,230.77
235.0,227.5131246818505,218.7
206.0,222.50170991808113,229.21
208.0,227.33250853921453,230.91
192.0,220.86244547143366,210.81
242.0,224.56180265140142,217.07
230.0,227.79520219444265,228.89
247.0,233.33667481625565,232.51
209.0,216.85522444990366,223.56
229.0,230.22675253645588,227.61
206.0,228.53380682652045,227.41
179.0,232.57705327810152,228.87
232.0,228.6351022612358,232.24
214.0,207.30842813979856,201.79
209.0,227.19528750999547,219.31
239.0,211.63455584740422,219.78
220.0,235.4575109297486,217.95
220.0,216.0160370933125,223.27
205.0,217.11941215413913,211.44
224.0,218.55919262150076,219.66
221.0,233.19745001305952,225.08166666666668
231.0,234.05213591890094,235.65
244.0,207.56688476086043,201.87
199.0,227.07397097863657,225.16
192.0,213.83875606939242,213.29
221.0,213.2616021149936,209.16
225.0,217.75628166729632,218.53
237.0,218.3337503204275,221.8
212.0,223.81463754076583,229.58
199.0,214.0534835898647,217.872
212.0,215.49917079783577,212.81
214.0,198.80869065025522,206.74
196.0,213.0649519592292,219.11
221.0,220.3923486337037,218.43
247.0,225.62312243491468,227.0
179.0,216.1120819031409,211.14
228.0,217.3035368417843,237.04
191.0,207.59323029002303,210.21
209.0,223.54941107629577,220.69
220.0,215.9906936471382,216.61
191.0,210.76174848993742,210.46
200.0,230.6889974881051,219.47
216.0,208.9555538019787,217.99
194.0,206.21762237673488,206.07
224.0,215.45748894982808,217.34
229.0,202.72479261280992,189.46
220.0,215.68515241649075,220.33
190.0,211.9521399309761,213.15
233.0,221.68583141785066,225.62
235.0,204.31653433374026,200.85
198.0,205.9056812639427,210.55
195.0,207.2221893930738,210.45
207.0,221.3906968742636,225.48
238.0,211.20282814428157,220.26
222.0,200.88386489052357,202.94
197.0,222.57508442277896,217.88
178.0,208.77426121390704,212.66
254.0,214.00622332284328,211.68
204.0,202.27536211006668,199.56
224.0,199.7839378795582,203.58376190476193
212.0,219.47023900973068,219.67
199.0,226.3423087508798,227.27
224.0,197.32315023828664,192.91
205.0,206.8987841327127,198.46666666666664
190.0,213.2907867818817,208.82166666666663
217.0,206.8969554887025,191.35
229.0,216.66222828980398,214.53
199.0,200.05145455021838,195.48083333333332
189.0,202.27129432349477,200.18
206.0,222.83985187364277,217.53
203.0,212.71590023656387,210.655
213.0,200.62634109553622,194.2665
190.0,212.58122757922865,205.66916666666668
225.0,204.42137457823117,210.68
199.0,205.31532071057796,207.77
229.0,205.7379708607168,215.61
243.0,206.62399767575056,218.35
212.0,212.56334365276206,212.52
209.0,214.48475696479215,221.47
184.0,218.54630074174747,220.87
228.0,214.09516543787242,219.31
173.0,206.99360358605043,214.6
230.0,222.3845249403174,224.97
214.0,192.07909203574314,194.78
196.0,192.28201534375103,194.7433333333333
228.0,207.65180707690348,208.31
195.0,217.52793883436152,216.53
216.0,210.08549396063472,205.28
204.0,211.15065341660028,211.05
198.0,204.59740930743112,198.45
193.0,205.30696851008418,209.38
183.0,207.74806635750775,215.88
209.0,206.09386648369474,215.66
227.0,215.044116457547,211.92
199.0,199.7418705276429,201.06
230.0,222.22460026203788,219.31
196.0,201.17088881465008,195.74
199.0,209.5108864780758,213.9
180.0,230.95759696495662,228.18
213.0,222.81711043203475,206.67
206.0,220.07022449935312,217.82
235.0,211.3636158437726,211.77
213.0,215.7011336014162,213.47
254.0,210.3056608383439,205.84
232.0,208.18130586981442,208.98
219.0,195.32016672478628,199.11
219.0,235.47225621136258,225.68
234.0,213.10891585997382,210.55
244.0,205.15144058924557,200.24
194.0,217.473040996829,218.47
225.0,214.8463628345759,216.25
213.0,224.08032925177108,226.27
201.0,223.11300504461673,229.81
189.0,216.42829165041746,223.85
236.0,201.7091873348915,197.28
215.0,219.80508067786678,234.5
245.0,220.75951635906455,237.29
244.0,220.01398041635812,222.15
208.0,221.84376596475323,222.54
215.0,213.46476880956993,213.72
216.0,224.65177805725497,218.45
219.0,205.62315877308762,204.52
227.0,208.18743357140244,206.7
236.0,211.5320543651188,204.44
220.0,204.5829282286071,200.37
245.0,200.67690361072454,194.46
208.0,218.180413926084,217.91
213.0,223.57496240853453,212.65
223.0,210.51461710987383,217.36
228.0,218.0780444879038,224.92
212.0,214.45302255344518,220.09
210.0,214.73272307906763,211.87
229.0,209.40811726385135,223.1
215.0,206.82325685375287,208.1
231.0,225.8493236692012,213.32
214.0,207.98494977224738,217.02
214.0,210.9796534279758,218.17
204.0,213.50375583472606,210.46
193.0,218.11118130548905,214.4
209.0,225.43907031701934,227.63
204.0,220.42691279147374,230.49
231.0,224.04118875797565,220.78
209.0,211.80785635224618,215.24
241.0,215.3841159729114,216.31
223.0,214.97165355022236,213.47
230.0,206.49567754176724,198.805
237.0,210.28546759293334,213.87
219.0,213.8517357105007,210.8
231.0,223.8171689769503,223.84
216.0,209.71445716052062,209.5
231.0,214.80942988350648,218.83
214.0,215.59213218438205,204.47
194.0,210.70343592599323,204.81
271.0,221.93864118761076,227.68
236.0,220.58217768626466,218.86
222.0,209.8969797700137,208.34666666666664
243.0,222.4691582755737,212.95
232.0,228.04159665365944,221.6
222.0,215.29250688907013,215.82
221.0,215.1793760750149,221.67
224.0,219.7347086975616,201.47
238.0,209.5645969478319,212.84
224.0,222.0623775963778,233.0
223.0,216.85556588737413,222.66
227.0,216.68324541219334,231.24
231.0,211.96487034384293,202.98
225.0,218.5753705370232,222.27
212.0,211.48617798015766,210.07
213.0,219.17263174005217,213.58
223.0,216.7477139852055,237.41
200.0,221.73366202046128,214.68
178.0,215.2502882250896,213.58666666666664
236.0,219.3131725819305,220.12
271.0,219.8196238001002,224.47
206.0,216.4068555045041,224.85
214.0,221.19796844610295,231.66
202.0,214.74240748968066,217.25
236.0,214.38728499046545,212.16
251.0,223.12560970815784,222.34
258.0,217.45898209915885,222.87
251.0,226.50637354868763,215.8033333333333
224.0,214.64537755230012,213.28
215.0,228.20520690695898,231.47
219.0,219.90856748387114,213.65
239.0,231.05343214462633,233.62
246.0,224.53719957363586,224.2
224.0,213.79701065019418,216.55
230.0,216.81753781871802,222.42
233.0,221.7557664386203,213.82
239.0,224.3554218620128,230.87
220.0,218.06452103363142,224.51
221.0,222.18513042585417,222.3
210.0,217.36477157843728,220.96
235.0,217.03738611717282,218.34
222.0,225.99783157918495,224.88
243.0,228.60691071940337,224.88
255.0,224.71331524235194,243.55
207.0,214.982752049676,211.76
224.0,211.13075246481247,205.78
245.0,223.80011941317633,217.47
221.0,231.10498347172205,231.81
258.0,224.69616213778545,222.62
222.0,231.73883540435085,235.57
222.0,221.1089327083091,218.37
217.0,218.50832573808776,220.09
188.0,215.19437642579967,211.71
226.0,223.34056244239355,226.78
219.0,219.95266650476356,215.12
202.0,215.75065053453105,221.99
239.0,224.8773640444092,216.9
224.0,225.15523104444358,225.1
217.0,214.9264216188617,220.58
209.0,225.0063362374969,232.91
210.0,231.4952950980347,234.31
256.0,229.36407687964538,232.76
233.0,225.16566732997165,220.62
209.0,216.80011876726738,218.62
228.0,206.7061614019187,204.87
265.0,225.3990075033435,216.3
231.0,222.02163071053843,215.88
195.0,218.43163473356674,210.07
254.0,220.8751895071639,225.55
228.0,213.18556981572937,209.65
233.0,224.17374261377165,222.61
235.0,233.06135679641778,236.52
236.0,218.86940531823916,219.87
235.0,224.1952643849462,227.67
218.0,223.45282613765855,217.2
253.0,224.49207665247783,218.56
213.0,217.01146021984678,216.49
227.0,218.60166615881928,205.07
244.0,219.86801211649237,209.87
202.0,215.41028854916158,213.86
255.0,217.75164683749097,214.23
206.0,226.49126357938758,230.89
248.0,222.35357147529373,221.04
232.0,220.8762319517537,220.6
233.0,232.22852743258866,233.97
223.0,223.22421559326497,213.87
238.0,225.08067503337907,226.41
228.0,223.21565221435102,221.76
247.0,224.14111122897066,224.41
241.0,231.06871777136223,228.87
231.0,214.3609519279043,220.21
233.0,221.21954365379315,222.31
219.0,217.7578098437502,221.89
205.0,230.7245151735916,225.3
242.0,227.95143441475636,225.63
229.0,225.49094046016285,221.7
206.0,229.22466408713777,224.19
203.0,218.97566080783264,223.14
223.0,231.23108396789712,234.71
229.0,217.1326105791715,218.74
218.0,227.10837974798656,222.77
248.0,218.4318753347681,216.11
188.0,215.36450008076162,225.76
226.0,229.5244363813667,233.15
225.0,230.6347895431852,234.99
223.0,225.64748061881102,214.23
224.0,211.40649284149066,212.53
225.0,226.35252490005504,230.79
207.0,231.79849656616443,234.48
232.0,218.74982992680918,223.66
227.0,222.77867192593413,222.59
217.0,225.01011327870754,223.8
211.0,235.20068230095126,228.65
194.0,220.3840775484125,222.86
207.0,226.60205741629215,223.38
243.0,226.86188017923547,234.74
203.0,226.79777997859873,200.64
217.0,228.69437088098982,222.16
237.0,216.0631475965302,209.55
210.0,210.84391219562525,209.03
232.0,219.51060623259184,218.86
259.0,220.65431887718535,207.23
214.0,219.4956585141773,221.39
200.0,224.51132436841903,232.14
200.0,225.8364791687211,226.72
210.0,221.2261323092484,222.66
242.0,216.04369201500492,211.55
246.0,221.95199092470835,233.57
219.0,214.6660832683129,218.25
221.0,219.7874974557499,218.9
219.0,227.7861089967472,235.66
217.0,214.4693215742525,210.09
214.0,222.7744087608599,201.89
229.0,219.71810666062424,221.56
192.0,212.65727234509436,217.52
245.0,221.7779332307473,227.11
249.0,224.28038362775305,235.19
202.0,217.70532665100913,214.09
246.0,210.7383534000029,207.94
227.0,220.8883986547035,221.77
184.0,219.29787993752296,219.12
251.0,217.27035303692543,222.64
212.0,212.82068061469982,209.92
200.0,220.6921638381078,228.52
217.0,222.3064961010608,218.61
214.0,223.90574860149405,250.55
215.0,218.41554083360305,206.0
208.0,208.3847314936033,209.99
261.0,224.87496210301268,223.34
215.0,211.37869885802144,202.4
251.0,223.1586595491308,219.91
217.0,208.3994364542424,208.47
188.0,213.1652073017616,219.84
215.0,223.04259562354645,222.3
236.0,211.63034337443918,211.66
227.0,222.09429099773337,218.97
224.0,224.49238627379958,211.35
190.0,208.23025948501177,204.4
229.0,226.67721536278145,232.89
255.0,222.035920136176,215.4
208.0,218.61281380212068,221.97
181.0,226.09423752707002,228.57
200.0,206.27451128484955,207.46
241.0,222.12336587041966,240.25
244.0,225.57700446892034,218.34
240.0,218.75641879857753,215.24
197.0,211.75725175184243,225.71
226.0,225.14747199712843,224.08
246.0,211.18034329962552,218.3
268.0,211.64074827644464,216.66
246.0,215.88989074564546,218.36
215.0,225.20762784873872,221.69
247.0,220.4089773888988,220.58
225.0,222.42047200031587,225.13
201.0,217.7552963640577,210.32
229.0,205.2211016444036,199.69
199.0,219.17240107735893,210.84
218.0,202.23397955287302,211.83
243.0,227.74460108222738,225.01
211.0,215.6137122326894,214.88
233.0,218.18452793566712,225.77
217.0,224.86652663074216,223.02
204.0,225.2204245574658,218.81
207.0,228.36177356755184,226.835
245.0,218.9055707701622,215.23
234.0,228.59168472222902,235.56
225.0,228.89155608815247,232.56
229.0,201.13400810395134,196.78
247.0,211.84262469124508,206.6
230.0,207.6548376719826,205.13
222.0,223.82626956383658,224.5
225.0,225.7197286428799,221.84
233.0,218.8231038320313,211.88
205.0,206.52023108368556,200.51
280.0,225.41879944492865,231.58
253.0,225.04014109053446,228.01
219.0,213.76311587922754,212.26
203.0,220.38676476576012,215.12
229.0,221.96679081958018,213.18
237.0,223.30876975357972,225.45
194.0,219.22084379069585,212.7
217.0,218.11403445807747,212.71
248.0,241.50349752874195,229.15
226.0,226.31591074455312,225.45
228.0,223.45662658429092,215.05
227.0,222.22289795592928,222.82
227.0,220.5384645612794,225.12
225.0,219.64574045210696,217.85
274.0,219.94351873443685,209.87
227.0,214.97646094094057,209.37
229.0,226.29412614349766,229.58
204.0,210.65951979652135,209.33
215.0,215.34787114988,219.52
238.0,228.5806199587048,224.36
234.0,217.18783911152093,219.07
241.0,229.84862494079198,239.33
227.0,223.745228417629,219.38
216.0,226.77229884322261,229.08
234.0,214.64673103174735,210.2
193.0,218.00375132720052,230.58
209.0,235.26014592768837,233.01
249.0,221.3443659447942,230.01
211.0,228.4653767524694,229.21
187.0,216.804311735479,208.18
242.0,228.87577091052233,228.76
216.0,221.57657279555193,221.02
213.0,221.7829814594603,215.55
215.0,221.00034155303305,217.14
212.0,210.57562257688886,212.03166666666664
190.0,220.17651002004044,217.07
254.0,223.87067275712093,221.88
226.0,214.81770467363327,210.19
226.0,224.29971755678775,226.75
267.0,220.75795540603278,224.22
212.0,232.145879739131,221.92
231.0,226.45173758168454,222.27
249.0,215.04706011589684,214.04
216.0,216.00980077352142,222.24
231.0,223.73885501694872,227.88
221.0,220.70234801592815,219.5
246.0,220.65514096910925,216.81
211.0,227.02092172249388,220.5
208.0,221.7304071925282,212.85
266.0,230.5911540653603,230.97
247.0,213.51369549019637,216.73
200.0,224.206648160351,218.3
195.0,212.27221526481736,210.21
215.0,226.2382921670546,223.08
242.0,220.89822773122933,222.01
225.0,216.44492744376453,210.68
216.0,222.99019938693735,220.36
228.0,224.58584156614347,223.74
248.0,221.57051801475265,219.6
206.0,219.70162943380743,221.73
211.0,225.4276253026846,220.2
235.0,218.38873940783748,221.41
230.0,217.24986242048152,222.63
220.0,229.4817247716837,227.77
218.0,218.04459528336645,215.92
222.0,236.87106126702895,218.74
221.0,223.10233768424956,223.72
221.0,230.01639364163105,224.29
208.0,221.5483599843915,223.06
210.0,220.79839127749509,233.27
216.0,216.1842736104843,224.19
237.0,213.79087806702836,216.47
257.0,222.46855651583536,223.74
210.0,223.3780008463935,229.26
231.0,218.19864107507595,213.2
231.0,215.1475931083961,224.76
239.0,219.69917850451293,226.05
241.0,236.87200895307245,235.44
218.0,211.1438728506849,210.8
218.0,215.93592236382045,220.4
206.0,217.29299503457608,214.54
261.0,219.78703336473308,228.73
226.0,227.77166457468908,226.31
217.0,208.85416123582985,218.71
245.0,214.5355552200843,245.36
243.0,223.8263535998757,220.3
219.0,214.0769788872754,207.2
242.0,229.28876428777448,227.14
199.0,221.0234370948798,224.42
210.0,231.0109083079417,222.04
247.0,227.08789612873392,221.07
218.0,221.3467846659404,220.4
250.0,215.6294272339373,208.62
225.0,222.7609974133131,227.96
281.0,212.03596712943244,226.24
223.0,232.18166670481807,233.62
205.0,218.2188202851433,217.71
251.0,217.9788000106059,210.82
208.0,224.54932434624232,217.14
214.0,223.56314786556243,217.73
239.0,216.74254933661865,220.08
251.0,219.07451337186393,227.89
196.0,216.13803451872474,222.1
250.0,231.48942107256215,228.43
204.0,218.0851808981522,224.23
236.0,211.38386154586692,211.75
205.0,217.60622276326922,218.93
245.0,221.24302685612156,219.43
211.0,218.36526049817695,213.1
269.0,223.74801176535436,223.99
206.0,229.9968378526296,222.07
242.0,229.53682147624102,231.18
221.0,229.6529856297818,233.74
239.0,217.31114806555675,229.91
231.0,224.5481169462435,217.66
188.0,212.26917373091788,208.24
230.0,219.790632963453,233.05
229.0,228.77083976827043,228.83
250.0,228.12485798562457,234.4
212.0,235.08023392932137,228.24
198.0,206.91086599514398,208.71
233.0,215.5014805087793,224.44
220.0,227.68866997435083,236.46
210.0,234.9358005867877,237.15
255.0,223.1395666744039,222.6
230.0,226.2088662906525,235.41
220.0,232.37470499109384,221.08
245.0,223.39770641967903,219.66
237.0,221.66385512264816,218.7
251.0,224.3358217697808,215.19
237.0,229.3389746429851,214.76
234.0,213.24550707924828,207.07
256.0,217.782773039114,224.14
233.0,228.87901968121292,220.97
226.0,216.93633500897474,225.44
219.0,209.64555503857588,218.95666666666668
203.0,208.67190267392056,212.53
236.0,232.150495280496,227.8
226.0,220.22547982715514,211.06
216.0,226.83931421937683,235.57
243.0,227.25888949168635,218.81
258.0,224.95052993974082,226.39
230.0,232.8818689194656,221.285
262.0,230.21503100793586,233.02
227.0,226.94540653861625,225.52
221.0,230.0866498513357,216.01
263.0,226.45950617476467,222.17
229.0,212.39640266846322,202.74
201.0,228.78792832107092,233.76
219.0,227.29096922102588,232.01
221.0,232.82106724167986,227.32
228.0,235.0205710029332,227.65
227.0,220.18445568409206,234.77
195.0,225.59254534051348,226.14
216.0,232.21930574041744,226.29
173.0,210.65624428709265,218.36
249.0,234.92535532318072,230.18
234.0,226.05951676351108,218.52
211.0,228.8246573481852,223.31
211.0,219.31058167139065,217.89
235.0,222.69862037563306,223.73
236.0,222.79372373234685,224.84
255.0,215.9580628296892,218.62
194.0,222.96492788171992,223.82
241.0,230.8178610637333,222.07
216.0,228.50807279902796,236.59
226.0,223.31062121517937,225.69
231.0,226.3302155576287,239.2
212.0,230.95360092350882,228.66
218.0,216.48590107114848,225.96
202.0,213.61971369142452,215.79
227.0,218.57090515146146,229.98
238.0,214.53399760036888,223.29
239.0,227.97733049730158,235.72
236.0,232.38214402547266,229.47
225.0,225.14402878788434,216.84
239.0,221.61018909159196,227.27
202.0,225.08658942045315,231.39
247.0,226.67251737426545,223.25
223.0,223.88375652685403,214.7
226.0,225.9266922549395,234.4
241.0,222.9022659600883,224.56
227.0,226.3243243596633,222.95
225.0,217.13016221893102,213.84
222.0,222.24677154374317,227.52
223.0,210.3615533491935,209.03
232.0,224.29584007130757,227.55
236.0,216.16496249903906,218.43
211.0,220.5067453821642,216.35
255.0,225.41681770379836,238.01
217.0,214.47250254144802,226.99
245.0,219.19830241300122,208.8
226.0,233.6122796807865,229.23
201.0,208.76080579992316,195.46
269.0,221.50277375695936,221.59
221.0,227.08447787317306,229.07
226.0,214.14030670752192,214.57
259.0,220.79825729312884,222.98
230.0,218.1182200166179,227.12
225.0,227.60844468639465,238.66
242.0,228.97001434254764,233.11
212.0,215.56468081512554,211.72
189.0,222.9316140136435,231.86
245.0,223.24700498183216,220.97
244.0,232.5056587089988,233.84
210.0,220.44057685578443,224.63
211.0,207.1730634332767,203.74
241.0,219.7149327315807,223.85
253.0,225.57641188342774,229.26
169.0,228.16091680023214,235.31
212.0,230.42537757088508,222.31
245.0,228.3065025375071,228.5
235.0,224.1067978264796,215.92
223.0,215.81726421486027,211.2
231.0,216.75917087830936,213.5
206.0,221.17219346884258,220.21
240.0,227.23710155731453,228.18
221.0,227.4291940978078,233.16
208.0,226.58195755685284,231.56
239.0,218.30159980639306,217.36
226.0,229.06948677801535,220.86
275.0,223.00518977873367,235.27
244.0,225.711027987244,222.83
259.0,223.75937392039228,224.16
247.0,215.49232221211219,216.5
218.0,213.0304572135791,214.16
240.0,228.1842514154991,224.92
195.0,219.9031552164113,221.69
269.0,222.80516876716194,222.87
187.0,222.89471791550682,223.16
248.0,223.66455427088778,217.69
206.0,216.69557044488,218.6
261.0,226.4174928277946,223.22
243.0,216.19209446441545,213.67
219.0,205.5686764910369,206.3
226.0,223.01993819749723,221.36
231.0,238.2025568876002,231.56
235.0,230.33418813936072,221.14
230.0,215.65014328045774,225.94
205.0,232.83678420333501,232.78
235.0,226.98759848433895,223.16333333333333
222.0,219.36729100092083,226.87
240.0,229.5915307161494,229.54
224.0,233.35009651479044,228.73
234.0,237.48513082431788,241.74
232.0,227.80300001447125,232.35
224.0,222.93262564314037,234.63
220.0,224.46349568558912,225.09
202.0,219.3249658555746,216.05
199.0,216.57383879066546,223.79
212.0,213.70609886863667,217.47
195.0,213.92109022037965,218.2
187.0,223.02425421125477,222.0
215.0,214.89578618588672,221.07
236.0,226.9035994884885,227.78
236.0,227.56809873286147,224.38
276.0,220.92096605616808,225.46
234.0,238.465141377902,235.4
245.0,237.0787099106036,233.33
221.0,217.45750677138824,221.42
205.0,229.65238195026274,218.41
251.0,226.94667886190024,221.67
247.0,229.90471143708862,226.24
222.0,217.0071034524882,221.11
244.0,220.33616404554442,225.46
234.0,221.52138072413567,217.49
229.0,214.48186870369926,202.3
244.0,234.23854359923183,237.26
196.0,232.70234181669355,229.27
223.0,224.13506856373397,232.3
226.0,224.0089467982309,226.99
216.0,224.60273299634738,221.47
237.0,235.88403579973732,243.32
220.0,222.24389714230708,211.83
206.0,223.93271519931568,217.99
218.0,233.3061634291388,227.36
229.0,219.67476441637098,213.41
256.0,224.96341480182247,224.36
219.0,217.36799800512523,226.36
226.0,215.76860095302467,210.02
203.0,225.64861782194714,224.33
199.0,224.5865160713181,219.74
254.0,232.05047938290306,230.09
231.0,213.2175313811008,219.18
232.0,218.4210117906756,217.25
243.0,230.86821277202066,228.29
246.0,220.64398630813625,224.32
233.0,209.76941817724412,215.01
235.0,226.3648097669729,220.74
230.0,219.62553781613752,213.14
218.0,231.34131777923983,222.52
225.0,214.2091488079056,214.31
253.0,226.1349420704202,219.75
219.0,216.8903724314004,213.24
218.0,211.44991929746948,204.44
264.0,232.2188305348938,231.62
227.0,215.41357674150487,223.06
225.0,221.46809025847898,221.06
235.0,223.68664676965108,215.1
236.0,231.3858744411635,228.1
253.0,219.51628642782353,221.89
232.0,222.76753341591785,210.16
257.0,218.23067011230626,219.76
239.0,226.7190592658419,219.79
231.0,217.68074172556823,229.07
242.0,225.57800069049892,220.96
273.0,218.9037998154525,217.01
237.0,228.66704684994716,230.17
251.0,219.95477011469754,225.89
206.0,228.99118491309605,223.64
248.0,228.97715406563208,234.0
223.0,214.33850044765848,209.23
228.0,229.56138203583097,220.74
227.0,222.56917726968962,222.97
243.0,221.74818348136714,218.42
239.0,238.803248069753,233.03
233.0,221.32358497498848,220.33
244.0,232.2029232721469,232.22
247.0,220.294573643247,220.3
215.0,233.78283114151856,233.74
237.0,225.5663286978262,222.5
219.0,229.36591646247592,222.62
253.0,228.888435203625,229.41
219.0,230.41329200361824,229.59
237.0,222.45305055691387,210.72
232.0,227.70744503334205,226.9
210.0,227.39192125752942,230.43
215.0,229.34969563677828,224.17
229.0,228.64133720845192,229.45
222.0,230.94143422055902,233.79
234.0,229.46095958131554,234.19
261.0,221.56668383219085,221.83
226.0,235.93440215242418,231.61
225.0,223.84587120433002,227.71
237.0,234.75465641042516,228.21
243.0,228.10855878913077,219.09
251.0,228.7052244660939,232.2875
230.0,218.23137249200065,219.89
243.0,225.00760156358956,224.17
243.0,226.17613840287692,228.18
237.0,227.25088396127978,227.01
250.0,234.31853859601398,227.29
217.0,227.91090517780304,217.26
251.0,225.2853098217413,221.07
219.0,227.5856759383625,219.98
261.0,234.01097665569006,232.81
229.0,222.43974819908942,222.35
205.0,236.258783149035,231.79
220.0,233.30090343417334,239.99
251.0,235.70308621787794,240.29
217.0,224.4054471487484,219.52
211.0,232.36807087614613,233.865
249.0,227.1037768895361,227.52
196.0,232.80891126123728,226.64
234.0,231.39429313368433,233.82
213.0,228.01398715049882,238.18
226.0,227.39994627220906,225.3
185.0,222.26257158134229,225.38
236.0,224.61126985283627,223.51
279.0,227.1095415128064,234.62
231.0,224.749975404552,225.44333333333333
236.0,234.36971378928064,239.78
217.0,228.24697512326637,232.08
235.0,230.81083266263175,235.66
284.0,224.03711220963785,229.64
241.0,225.83887993337532,224.55
210.0,231.4805055336705,229.64
242.0,230.2377328719415,226.87
232.0,234.44485203518377,230.56
267.0,224.5845497381061,225.24
236.0,219.90190490623735,215.83
238.0,223.29687740824107,230.02
178.0,225.09471542660805,219.74
241.0,226.2577069744985,218.85
255.0,233.4660331021609,228.02
231.0,220.4151996736807,227.29
233.0,230.70836844542492,236.8
219.0,227.66137773897657,218.01
227.0,220.67720208434997,222.06
241.0,234.04862116069955,224.6
221.0,227.6518093562378,226.95666666666668
205.0,222.78486435497456,222.16
237.0,235.70239632526537,239.72
213.0,229.15495935754217,241.4
245.0,223.39233410167483,234.06
219.0,233.11595726291688,224.84
238.0,222.535676589044,224.48
207.0,233.85176313935108,224.36
238.0,229.81993733658783,219.18
220.0,210.130538118997,207.49
210.0,224.68760869737963,229.52
247.0,221.71170154565687,222.1
237.0,226.2295487970763,224.53
230.0,231.27246689660996,229.76
243.0,222.1082918141035,223.01
229.0,220.3704057029114,229.57
200.0,208.01843774949813,201.0
244.0,238.61337455875537,237.12
270.0,227.1505510326939,232.43
216.0,235.37120747605172,230.6
244.0,221.60736614578389,216.67
244.0,238.38658603269994,237.44
237.0,230.76671999839564,231.55
234.0,232.49356922058328,225.42
222.0,217.82183047744581,231.32
227.0,230.397569788866,223.09
241.0,231.1057490306074,227.8
220.0,231.36285918989367,220.64
200.0,225.6418758530587,222.55
229.0,231.74989007416082,234.42
203.0,216.10968229474858,238.36
210.0,206.42917967299923,192.36
247.0,232.62760836313834,225.38
231.0,229.35357876735506,224.25
234.0,230.1488523673615,221.22
218.0,217.3336964814033,206.59
206.0,233.02610995953955,235.3
244.0,223.29669275224597,219.36
263.0,232.32636775881045,228.18
223.0,218.00065110368837,214.35
252.0,221.9421317966083,213.51
215.0,220.46628318444365,223.53
214.0,223.13427194245324,230.03
238.0,218.686810963622,220.99
230.0,221.05317829880718,215.44
250.0,231.88316189325593,228.41
223.0,217.41479886654088,223.39
264.0,229.9006770149269,227.57
232.0,221.97435095924388,224.8
239.0,222.40028753715148,220.24
219.0,223.95001667463055,224.61
197.0,228.35212404913017,211.46
253.0,226.2532256133325,225.5
247.0,231.42742955927002,234.21
207.0,217.7503635753867,222.86
232.0,215.65186838367543,212.67
238.0,230.51296099433057,233.44
210.0,215.2908927363161,223.11
234.0,232.4932279994259,232.94
253.0,236.91096832002194,239.76
218.0,222.2122323396564,231.75
220.0,226.96383059389171,233.12
237.0,223.45744693212063,224.56
234.0,220.13757037415746,210.16
257.0,232.03041657222929,235.81
220.0,220.52867074846415,222.69
224.0,220.81922527167052,220.62
226.0,238.32832278828994,232.18
206.0,211.75320521411822,207.07
228.0,223.66152500775706,230.19
255.0,220.28652951581347,223.8
217.0,224.78672021110378,217.07
212.0,222.63949818636638,226.68
235.0,232.36111404448224,232.16
242.0,230.55044656129058,225.76
221.0,221.46879983153144,224.97
250.0,220.22638769954642,235.36
221.0,229.65297529927415,222.29
251.0,241.90041866735794,224.54
235.0,221.79092204610134,227.99
263.0,228.56925451131116,227.66
225.0,238.64071260466096,233.29
214.0,216.97523760609224,215.11
272.0,229.5690462839732,229.8
242.0,233.40461955044222,246.43
251.0,226.0778265759671,244.06599999999997
234.0,214.0538848936901,209.91
245.0,228.15577106856642,228.85
244.0,225.03870788893994,230.05
216.0,225.29398044628334,233.85
251.0,218.3200400535859,219.88
248.0,226.6546386804156,216.71
252.0,222.96617233048414,228.51
235.0,231.26620876028517,224.69
230.0,222.23396781734445,214.08
204.0,227.65446264074563,238.16
227.0,239.31399871776333,238.81
240.0,226.23413585560894,223.87
229.0,224.5695651872391,248.54
232.0,229.6385449330396,227.04
222.0,218.3908925331384,219.4
229.0,229.573511885848,227.59
239.0,235.92887558103797,226.12
252.0,231.65821935939002,227.24
221.0,220.74182663435806,222.82
234.0,225.28444911231009,235.845
200.0,234.10129565558816,224.11
254.0,230.00162573859438,227.37
229.0,217.82550280112167,221.86
239.0,232.4966246141395,225.36
223.0,223.05058241271837,227.09
245.0,232.69625896554174,222.21
257.0,226.674096418515,222.16
205.0,232.39594573802458,225.24
234.0,226.26496605877358,228.08
263.0,226.52661262510992,215.97
233.0,218.80744732456338,214.95
231.0,229.7225811939686,226.8
243.0,232.8857075711254,227.56
210.0,236.79434960149257,234.83
240.0,236.93006472389789,222.81
256.0,224.22380651801456,220.77
217.0,238.45014433995323,227.27
219.0,232.56766602220875,227.61
256.0,223.2116318070523,211.63
216.0,226.05097249735098,226.92
233.0,233.09293852312453,218.995
236.0,224.58465212263664,225.64
222.0,228.11485475896373,230.2
200.0,227.75387054567128,228.58
241.0,233.76290192321147,233.52
196.0,218.4710620515748,223.96
210.0,232.80030381588625,235.25
280.0,227.439165724633,225.39
211.0,230.73443571630804,233.57
222.0,231.89811270819345,230.82
233.0,233.10564749097693,228.37
233.0,229.04307961792324,229.955
211.0,237.73738098099602,230.6
274.0,224.74359984729756,231.14
253.0,226.06014835851053,236.16
197.0,218.63138956146088,217.94
208.0,228.36420806813555,221.41
193.0,211.6564705116772,205.38
226.0,226.2723378171263,225.92
248.0,227.73957937593943,213.545
225.0,223.78211945883544,218.48
246.0,226.55673188264709,231.36
270.0,224.34953205710275,214.56
211.0,230.15540358205175,229.99
206.0,226.95991764853414,229.53
242.0,228.85927219806445,229.22
269.0,224.5350029697301,216.43
258.0,225.32123582872487,226.92
217.0,235.8319135287398,230.87
213.0,217.77863623242172,225.92
208.0,231.49581242973437,232.08666666666667
237.0,217.1889234659738,214.97
252.0,236.6830493921889,232.7
208.0,216.6702603221553,220.17
238.0,236.5508865097106,230.87
207.0,221.85356638276028,218.23
194.0,218.953379968719,227.35
212.0,218.7082287815242,231.53
215.0,214.45560583800074,207.13
211.0,222.30047795688117,219.09
272.0,226.76128516380714,220.82
246.0,224.05873477612087,245.26
245.0,218.70843509884685,222.39
237.0,234.1168174144275,219.28
231.0,230.6304528684123,228.52
237.0,216.5192933294238,222.62
216.0,217.07328364132402,214.97
246.0,223.6810987532504,226.72
246.0,219.09351109604495,217.9
208.0,222.52601344775894,223.75
228.0,236.4363665400177,232.68
227.0,221.40293551817018,221.7
233.0,229.97237926509035,247.48
245.0,226.4193803982109,232.35
221.0,220.1041945036323,211.35
212.0,231.43949579746993,229.98
239.0,208.36481981930825,206.03
229.0,216.77529439688703,223.43
228.0,237.6791657241718,240.87
225.0,237.604875484305,232.82
248.0,228.3520675160916,234.3
216.0,229.8086594137558,234.76
220.0,220.6486595592821,225.86
254.0,238.10428018967514,227.46
233.0,224.97103633562227,223.21
235.0,216.98741014997137,229.25
239.0,227.4627002478636,219.17
211.0,222.47364294957575,228.56
252.0,223.67995278834843,219.95
197.0,212.59000390113732,225.89
199.0,231.26044997794426,224.24
234.0,228.17698356945814,230.56
235.0,226.25031747596697,230.12
233.0,227.96260079929237,230.78
228.0,225.0842100598527,229.82
259.0,225.41077835139765,225.87
232.0,229.67859135896532,231.16
218.0,224.48877420847822,224.22
211.0,231.336907006936,229.81
251.0,229.3696972085221,235.7
217.0,215.7543027861015,216.15
212.0,219.44218454878742,231.58
210.0,224.92608930869352,227.9
241.0,212.26288262218247,206.67
223.0,234.97561342918368,229.92
230.0,226.36399643681483,229.295
240.0,224.48458847425132,220.22
211.0,226.5425742848016,228.19
228.0,222.60743033579604,226.73
247.0,221.53053962911542,223.21
262.0,224.8537000662737,218.01
223.0,233.8520216970444,236.12
200.0,230.34995951844098,219.64
248.0,225.79882256862933,227.6
216.0,218.18749556786838,226.07
262.0,220.0676761069889,211.73
257.0,227.19033929292587,229.79
238.0,220.13266159922085,215.4
274.0,221.63580066170488,218.57
232.0,224.42478360587646,222.82
236.0,233.4535321957254,233.25
250.0,226.01404987678927,222.28
240.0,224.77216130943287,230.33
226.0,231.90385782671035,231.85
209.0,226.8414351774901,224.39
205.0,229.67699688631717,225.73
225.0,214.6396441368659,217.46
232.0,221.5002460256105,220.39
205.0,225.89311243997892,232.46
240.0,226.678512660229,228.4
210.0,219.7902400498742,229.52
260.0,227.70973153469657,219.81
235.0,221.76918149100266,224.02
235.0,229.64698156157203,226.52
255.0,235.2791791523734,235.83
232.0,227.2064224703823,236.56
263.0,238.59145111223614,245.54
258.0,230.45354651144115,233.34
193.0,224.54579298364365,220.2
223.0,228.75000793066908,226.88
228.0,223.899910252212,218.17
200.0,221.65274452811224,223.31
198.0,218.2087326509241,236.01
222.0,223.22680334617493,222.36
205.0,215.74367968800425,223.04
210.0,230.25822388038497,237.22
258.0,237.7431426629495,226.18
261.0,234.2549752113501,227.52
214.0,227.58423981593148,232.87
247.0,236.27210244255883,231.08
227.0,214.5771460143813,213.83
221.0,231.69753204257913,227.77
221.0,226.68222497398716,230.52
223.0,217.67585182659207,229.61
219.0,227.52134331045795,229.03
269.0,217.3565706900087,221.7
243.0,213.74233277332806,214.25
227.0,219.43074674795707,223.48
238.0,223.0236454543251,218.26
221.0,218.07435712782888,223.81
235.0,225.68963043835765,225.74
225.0,229.28011608882235,240.52
236.0,233.42157919628707,220.67
192.0,236.53379111492498,227.8
225.0,221.2478319145792,221.07
267.0,244.41437043638456,222.57
261.0,233.50088937786725,232.15
212.0,238.2490617710378,237.35
186.0,210.80482086615783,218.39
246.0,222.77572164191218,229.28
231.0,226.67572462709262,237.19
240.0,220.6797155640425,226.06
210.0,215.2493797443857,219.45666666666665
224.0,227.62858684769645,223.2275
199.0,217.89716647473847,215.11
228.0,213.63495215520035,220.32
237.0,218.78089432181622,218.14
245.0,236.62495833717253,235.96
203.0,238.1205920690835,222.7
191.0,204.06080038990342,210.76
230.0,217.08248837731549,223.93
220.0,217.92486117020007,221.74
227.0,219.45428260313605,229.84
240.0,231.9492260542175,233.37
226.0,216.580791721661,219.43
282.0,222.97045674440602,221.19
242.0,234.08217621780966,235.38
261.0,225.50395050388423,217.62
236.0,215.10109177458796,214.92
229.0,231.20368936847257,235.92
258.0,227.44143644655003,222.66
227.0,238.7954502292441,235.72
256.0,222.130954297083,224.9
222.0,217.6910497124533,220.27
227.0,228.19849167680866,232.24
229.0,229.50267187289697,223.26
228.0,224.9149079294627,218.75
221.0,210.33194458137086,212.9
236.0,232.2709366344543,232.65
223.0,233.40651684305357,226.64
230.0,212.95160081298843,226.85
230.0,214.26643568652935,200.53
230.0,238.1319403644646,234.07
212.0,214.78411586011342,212.11
223.0,223.69144343786206,223.21
220.0,237.3309002009268,238.37
249.0,236.22083094248444,229.78
235.0,228.6114203470887,224.34
239.0,229.5766992419222,228.48
258.0,230.70591345951237,231.06
225.0,222.78912265895127,229.79
215.0,220.5307652046327,217.09
214.0,224.4718461419887,221.22
280.0,231.77047368457653,232.06
224.0,215.78591785673814,224.42
224.0,228.88920076251034,221.9
255.0,230.20982484148558,224.94
227.0,220.500479227112,221.37
218.0,211.57925847062089,217.22
239.0,220.1885958036204,216.21
351.0,233.86070480866823,223.64
234.0,232.45087319450505,238.68
217.0,228.53794773004785,224.14
217.0,233.5601802273784,235.12
206.0,219.7921465167313,225.66
234.0,218.19263369403018,215.65
229.0,226.12502307596526,226.72
211.0,230.25239784249823,226.49
186.0,225.57762434035675,230.8
220.0,230.72152297970666,236.11
205.0,226.15504739926968,221.89
256.0,232.1879566572916,224.29
184.0,218.42861562525718,221.74
219.0,231.97639506835938,234.9
211.0,221.86895439402673,224.74
239.0,246.07144259602018,229.79
213.0,229.06768579221182,231.43
245.0,226.69650969373345,222.52
258.0,239.22450708336652,230.46
194.0,222.12049007592827,232.24
203.0,229.7466168163549,224.03
200.0,217.0958363498385,224.92
223.0,215.9360916323776,211.35
235.0,223.0719146258397,216.08
202.0,205.21833407611575,202.25
230.0,217.47999706497413,224.07
222.0,219.42861330276202,223.32
240.0,248.53877112147427,227.04
246.0,233.61905632555323,233.32
209.0,242.10899004329292,235.66
196.0,227.1613010974858,236.48
228.0,225.7229148631725,223.11
245.0,224.5759001460986,217.37
231.0,224.6283480751291,220.17
240.0,228.09950595303684,231.27
256.0,213.19977987025862,218.18
212.0,221.9795684155534,220.59
260.0,222.0757858272553,230.13
215.0,209.84597558939845,217.32
230.0,226.44083173572946,226.516
232.0,204.01923962670028,213.52
196.0,219.042846825119,217.07
227.0,206.2380747881514,211.41
259.0,222.12967493564707,216.18
206.0,237.7732594128737,241.44
209.0,231.24356536957922,227.36
212.0,220.40793202347248,218.78
255.0,242.74488944481666,229.39
207.0,215.15601768280695,215.7
210.0,222.20009939311637,231.53
233.0,224.40052412215545,226.03
229.0,208.31769138007894,213.27
242.0,216.7394822407233,216.76
220.0,225.79599748672743,224.3
240.0,234.95051626993398,230.535
223.0,215.17309529678712,202.45
225.0,212.21675624546117,220.98
204.0,219.4571609257208,223.99
272.0,223.93281932794048,216.1
232.0,217.5556974930132,219.56
226.0,225.7060058889565,230.94
263.0,222.15411186185878,225.29
247.0,220.31830662102254,233.0
218.0,217.2981610352576,209.73
188.0,220.26054706496853,218.63
256.0,221.8853033426809,226.5
252.0,217.76066299633865,210.25
248.0,222.98506518192423,221.82
260.0,221.67018269231676,222.96
228.0,231.41906641995593,230.0
264.0,217.01365135434236,221.5
241.0,223.90482120420305,228.4
231.0,228.28125443771142,219.93
231.0,223.7977574618621,219.78
258.0,225.44304312873186,222.42
214.0,223.44150083555337,224.74
290.0,232.9547382080263,233.42
232.0,221.62100233557484,219.14
257.0,236.7766152225166,235.12
217.0,224.43291802275832,228.92
236.0,217.91841912091866,223.46
214.0,223.16081600774805,221.64
265.0,221.76010762237416,218.65
236.0,233.444196632254,232.3
215.0,221.7565606560245,225.65
211.0,241.79978331080844,229.29
208.0,228.99920269379098,229.75
233.0,231.3931188817827,222.06
213.0,227.15244172011347,218.49
219.0,230.12458564965578,237.88
204.0,226.99044854040443,227.97
208.0,228.77098992407372,231.38
242.0,229.37671174996683,223.3
216.0,211.60095162596605,219.47
259.0,233.960627475496,221.17
255.0,233.07378595772923,234.76
231.0,224.26213019312945,208.28
239.0,238.60618257481994,234.55
241.0,224.77261193279247,221.57
234.0,215.31484412649652,211.02
248.0,220.5374878239739,214.27
247.0,218.11179006241872,228.73
234.0,218.1452852736542,223.44
221.0,232.09213666922707,232.49
239.0,232.12862291808557,229.22
230.0,221.8380814768537,216.81
201.0,233.83899800997932,224.15
236.0,235.64721828919238,226.43
240.0,234.65981745233404,231.25
247.0,236.22151715074173,230.83
230.0,229.8974541378684,229.51
220.0,232.14376579868934,231.48
206.0,227.7652519686692,224.84
259.0,230.8023151147295,228.25
241.0,233.09897262242816,227.53
220.0,217.61403483495417,220.16
192.0,232.6835870259745,232.33
237.0,216.31627463407662,229.25
205.0,233.49759787268792,230.915
222.0,218.64429569287051,224.81
242.0,225.46909967710775,225.55
214.0,237.29331750253323,224.05
251.0,234.932373569461,233.11
257.0,234.21795412740641,228.7
192.0,221.03605093266665,223.33
220.0,227.86130730483802,234.92
235.0,239.09393437979088,242.69
234.0,227.41416702876523,233.03
214.0,218.61881124465836,213.48
235.0,224.30791530806675,220.7
224.0,217.9502545442212,223.46
228.0,220.69035914746866,217.93
246.0,233.39959021816998,224.8
230.0,220.0381429849587,218.17
220.0,233.83970193793516,234.19
231.0,218.36234161782386,222.39
260.0,226.39183758324413,237.16
265.0,216.7819942191191,217.96
206.0,227.30959588878835,231.51
224.0,226.9883889969076,234.43
231.0,232.24579148761882,229.03
257.0,222.6337739246976,230.25
227.0,219.0580215013912,236.54
219.0,226.0419549659283,233.3
197.0,234.80189172376333,237.02
262.0,231.62567632377636,227.63
229.0,233.38294742763162,243.93
239.0,214.67261676330457,212.1
221.0,221.27746367567778,219.27
238.0,226.47535143506283,210.32
246.0,224.10495299055202,230.11
226.0,220.68999334414724,223.3
270.0,224.78963654288322,236.83
211.0,216.10841542039444,221.86
246.0,236.83786050599036,230.07
203.0,220.37278188540162,216.53
221.0,225.58126802599412,219.44
262.0,220.810571799141,213.28
226.0,220.4024891370865,227.13
250.0,215.8079647203225,216.82
212.0,236.3709635725233,232.35
252.0,232.57404820513526,234.65
235.0,225.76359192366846,238.53
229.0,232.63710811775624,224.73
210.0,220.4034221794741,226.0
244.0,219.9666004371071,213.12
244.0,243.35162484046768,237.75
216.0,223.96402080383672,226.67
224.0,222.82006518515465,222.81
212.0,220.60573302571675,225.66
219.0,225.8589060668029,223.48
229.0,233.69727881936421,236.47
220.0,232.6817917258942,228.2
229.0,231.85440991371587,228.52
274.0,225.25690690565594,232.29
214.0,228.75670191197173,222.09
224.0,225.34709872254638,223.73
248.0,224.75272307608688,220.09166666666667
201.0,229.37186068481105,224.03
203.0,232.4017189477083,232.43
224.0,213.40726565463513,213.35
236.0,226.25520112079028,222.44
234.0,219.68689250181347,219.92
241.0,224.36105097313572,233.89
252.0,232.29139020213276,222.42
222.0,220.85401775987324,226.54
232.0,233.9119484342229,233.51
247.0,229.18504995656048,235.8
224.0,228.4962670383021,231.7
207.0,224.53589000541956,229.07
233.0,221.39245357731693,226.25
255.0,227.72675283195127,215.21
242.0,228.5731588907356,226.37
249.0,241.46850299540415,216.61
232.0,217.4121812377432,212.66
211.0,214.956368315486,221.31
230.0,212.8972996577837,215.2
217.0,230.01271839711868,231.6
215.0,232.4061901946797,219.17
260.0,224.681279755136,221.55
215.0,222.10452510340053,227.03
265.0,232.85279365477973,228.83
232.0,230.17884818735322,232.6
220.0,218.6927900781485,222.69
262.0,234.0469471211103,232.42
227.0,220.62674683527013,222.78
226.0,218.62784165516237,212.94
260.0,233.2919210112551,236.62
241.0,212.91480668690244,215.09
234.0,241.57728660834607,235.99
230.0,226.94681984345777,226.74
235.0,223.5935957019691,226.69
229.0,218.97852666381596,217.13
273.0,228.16704236572633,226.1
242.0,241.45529933775504,242.37
214.0,222.0249292538697,233.76
230.0,225.17150491499132,240.02
226.0,216.6986404411315,228.28
225.0,220.91551089901338,222.06
218.0,226.61483658100718,221.09
230.0,219.67980599893158,225.96
195.0,236.6918290269336,233.01
199.0,229.6074259247747,226.27
243.0,224.75796821108338,239.24
231.0,229.41418367358318,226.5
252.0,235.682835438373,234.17
236.0,217.88238392804593,220.63
227.0,219.2703747796343,225.47
214.0,220.49848791973642,219.09
234.0,235.38549141179885,232.25
220.0,235.96140946288622,228.08
229.0,220.2801130292715,226.28
271.0,219.6449183397027,219.43
221.0,233.60972389923143,228.16
198.0,221.43186317562646,214.71
238.0,230.63543050826314,217.86
241.0,225.7796692192349,226.71
285.0,235.19780240962473,230.28
237.0,227.8446120780962,225.76
193.0,226.72199043710998,228.95
224.0,222.21843394294257,218.97
231.0,223.545028198992,219.82
273.0,233.20272365136873,232.92
213.0,231.02812906005357,234.85
245.0,231.21254911736412,226.1
207.0,226.72169443865164,215.58
200.0,226.32412351175083,234.51
195.0,223.60352718350583,230.44
239.0,234.79680997543397,231.16
212.0,228.54835186853455,214.25
238.0,241.98477082349828,214.36
227.0,215.81987090483761,211.37
225.0,225.68640446477616,221.37
236.0,229.46777174706662,226.74
193.0,216.23790767018556,229.31
246.0,218.16459832536046,216.65
236.0,222.04359491065873,228.25
202.0,239.5432239009766,242.97
234.0,216.6346860831498,228.64
245.0,226.40894017138788,220.68
252.0,215.16035802145478,211.14
231.0,233.70232528350266,227.76
236.0,220.72977752802439,219.2
251.0,212.09448385412514,207.95
262.0,230.05343775947722,235.63
221.0,227.04164633494744,230.22
235.0,224.3405548872816,230.95
212.0,219.80187948261613,208.22
227.0,224.66001756319085,220.81
236.0,219.6872181393661,220.55
276.0,228.90147179025172,225.1
243.0,230.00235091539793,224.475
246.0,220.23603410096482,208.99
220.0,232.62528304844375,228.72
222.0,211.5393645130223,215.47
230.0,222.75320327763978,233.55
221.0,234.25028968943553,215.75
220.0,225.0341403146804,216.87
223.0,216.9840763224492,222.37
230.0,225.11214443704714,227.58
209.0,220.190807051182,218.67
204.0,225.95528316033634,232.04
268.0,232.83445010639426,232.25
227.0,218.00285746967216,218.9
228.0,224.43577642844383,223.54
224.0,225.89699672681763,219.81
268.0,229.1126995274807,228.04
261.0,226.99688921711083,224.95
209.0,229.09594929548143,232.51
228.0,229.05368830915808,223.85
243.0,235.2272507116167,229.99
242.0,239.81679378369427,232.28
269.0,216.85057207608622,220.38
197.0,228.32687010840513,229.15
190.0,222.80428818145805,233.9
250.0,233.48912417490968,232.28
267.0,229.2373851500724,227.04
231.0,220.8205383485556,211.82
212.0,225.32051065192138,227.28
234.0,212.9995811998831,207.91
256.0,230.87984263851732,230.53
212.0,237.2944127958064,227.83
230.0,216.61166949993157,221.83
237.0,229.2078807070414,223.89
222.0,234.4378021890678,238.0
267.0,227.7481063144005,233.06
223.0,210.75902498808668,217.03
221.0,223.70403245669152,223.94
251.0,230.31262681180763,235.42
218.0,237.17095056896403,236.32
227.0,230.2639042714494,224.59
216.0,237.47405727854746,235.26
228.0,234.05502459247373,235.93
185.0,218.64520046873884,209.94
261.0,224.5277123060997,233.79
282.0,227.58687516442768,220.43
232.0,225.62298731476685,214.12
226.0,220.44805411567097,214.21
239.0,217.5161574599669,207.82
201.0,219.64666804556475,219.25
233.0,214.83159338327778,212.46
277.0,232.7835200437903,229.93
223.0,232.1452955234047,234.23
234.0,222.13232333965465,222.45
255.0,238.4794748494964,231.74
221.0,229.82800094829446,218.24
215.0,236.8157678113943,230.26
204.0,224.28674863818668,217.09
245.0,234.98745800324963,228.11
233.0,229.07367368898454,231.07
184.0,219.7063851321043,225.21
258.0,233.88137345543518,217.56
210.0,231.7317910481254,233.15
221.0,232.64770100907322,231.36
214.0,206.92213884056537,211.1
241.0,227.3825359825243,226.84
215.0,225.46349691272337,218.18
193.0,214.4062530956984,213.41
211.0,223.40048392647498,216.5
249.0,226.7649299852261,230.52
198.0,228.08577404534802,234.13
222.0,226.95801488651267,223.67
225.0,231.91133177376085,236.58
247.0,216.94427927997106,213.44
240.0,230.4736342757982,226.29
189.0,216.40680442039536,230.16
220.0,226.21611247536595,227.23
180.0,224.93514761419758,230.18
232.0,228.20232370279638,232.14
197.0,214.3622808251875,195.07
225.0,218.9922281688917,218.04
260.0,225.73067583026835,218.11
196.0,227.91570692342464,239.26
235.0,206.01620930916928,205.32
253.0,225.04640724558664,212.7
211.0,228.2950261396498,219.23
199.0,211.2340171126157,207.92
231.0,209.49700790277217,204.0
178.0,209.94641929276156,205.19
252.0,217.63180565438296,216.23
184.0,200.42707507554877,198.17
212.0,230.46316266545261,235.07
212.0,213.7644272324987,211.524
220.0,232.25550455675068,234.37
195.0,193.04288350772387,192.61666666666665
222.0,215.1652321205131,226.03
251.0,222.37124053898486,230.01
250.0,224.4050986936063,218.96
228.0,213.66457866320184,207.83
233.0,235.34305609998802,234.13
266.0,227.1979963681903,218.25
221.0,224.60436471359378,232.66
236.0,235.30320289599052,230.26
201.0,192.09420508108587,202.07
239.0,222.81328307097777,207.98
215.0,210.2285437926273,212.23
254.0,231.30556588143062,230.86
248.0,238.24588627325244,238.97
210.0,215.47077335116057,221.05666666666664
217.0,228.25477864949852,205.55
232.0,228.25993741619533,229.32
220.0,229.80674106812955,223.9175
209.0,211.1131477570545,216.56
234.0,214.47641413437685,219.74
184.0,225.68952866213965,222.46
216.0,213.90644495040908,211.06
229.0,218.1894016427259,232.23
208.0,219.32892698435072,216.6
227.0,216.84434257779998,222.84
235.0,216.74758505776953,220.15
216.0,215.85944038114548,215.75
191.0,215.02409969419796,211.92
224.0,219.86834984912724,224.08
253.0,214.2412938525299,206.77
231.0,216.02091973782365,210.81
205.0,222.3845249403174,224.97
210.0,204.91806358342131,208.28
220.0,220.1248319630435,215.03
218.0,215.77631458180804,220.11
227.0,215.71172121915572,222.88
215.0,204.9198922274315,204.1
225.0,229.98126692946227,238.79
181.0,218.2256464657573,219.48
223.0,215.87113403514573,215.83666666666664
188.0,204.90477918208882,206.87
200.0,208.59687496600125,201.25
258.0,221.74162524900527,218.9
239.0,202.09406993447493,193.0
211.0,229.55658536762,227.01
216.0,208.9420560656519,208.38
227.0,225.89793523861545,225.36
230.0,213.86011617751376,210.5
224.0,226.57180086155267,223.48
215.0,223.96122751760325,215.87
207.0,217.02273576979164,237.96
207.0,214.62837013518254,216.40866666666668
187.0,208.55519311799355,211.28
197.0,209.38874942320072,207.36
219.0,206.1118791414305,202.16
203.0,206.18186524630892,210.47
203.0,205.45492556875183,198.13
183.0,207.41870442869035,204.45
210.0,227.31693255911694,224.16
233.0,216.3795897915549,214.27
200.0,220.22896494626224,217.65
207.0,214.15525285719465,213.76
256.0,220.643023606174,230.43
249.0,231.7806194410564,232.34
211.0,219.36839623270208,224.57
197.0,230.63924322566425,227.45
220.0,200.40534371517614,200.19
243.0,236.03248502010837,224.25
221.0,204.09123828780196,199.23
255.0,207.2283773530163,236.43
222.0,212.97625650264393,200.54
201.0,220.70511887657173,227.9
227.0,215.74640687421024,210.64
210.0,223.24897131504417,227.96
225.0,232.24600266603898,234.41
222.0,204.25529253878904,200.22
215.0,215.86291793463164,214.0
213.0,204.05658830893793,206.44
210.0,222.53627913278143,220.99
207.0,221.96384951363717,221.01
257.0,203.3545414746759,206.44
205.0,223.5646584980043,218.45
253.0,224.5387314549253,214.92
213.0,207.83041299557675,205.08
190.0,219.57464148946303,221.94
233.0,238.47581205110515,224.84
254.0,225.22865704573002,232.65599999999998
224.0,226.9257151965068,235.76
271.0,226.69469624132842,222.74
233.0,207.95277644062347,213.48
215.0,220.00448769989214,220.37
232.0,217.01324460158713,216.79
236.0,220.57810637054365,221.91
205.0,226.69416469859897,226.75
218.0,216.76039250948418,214.56
256.0,212.89213873451277,219.63
223.0,237.72686238337684,238.45
188.0,225.0769346489344,229.02
246.0,210.117516372193,210.38
228.0,226.28225896815536,220.68
233.0,213.68236743912257,215.39
196.0,217.32976636355292,214.72
219.0,222.2783569752855,229.35
208.0,218.68989070254887,233.55
225.0,221.3848021877757,216.96
231.0,225.5359850105247,222.6
220.0,210.78266828472653,213.55
237.0,217.25585792275814,208.62
211.0,226.10670138474006,230.83
229.0,220.35905758321672,215.87
193.0,215.36388020932517,217.84
223.0,220.45575523689223,214.89
234.0,228.42444466342923,223.92
219.0,217.75876531172776,229.97
226.0,215.45167479071048,219.78
240.0,215.3869621078282,206.87
213.0,218.57910449162858,210.93
226.0,217.8787685294082,219.27
239.0,221.7901229471193,217.2
218.0,228.35174887573027,221.9
214.0,214.77341574364868,210.68
232.0,211.7426314355551,216.82
212.0,225.8311577591392,233.35
226.0,215.64994282454478,219.97
212.0,224.2026185788065,218.23
202.0,208.4505636599232,206.58666666666667
263.0,217.51531799938334,221.4
227.0,221.644306330838,215.73
226.0,216.1883029552354,216.42
191.0,214.77055186855304,218.38
228.0,218.67405732101986,226.52
215.0,217.0066830359089,208.34
244.0,227.41331178874415,218.30599999999998
245.0,210.82228067120957,223.37
234.0,219.15950353236272,214.6
205.0,225.79287660219995,225.33
195.0,215.43846603517045,218.81
235.0,221.5465291838072,219.42
210.0,219.74497106974806,216.23
212.0,220.99773292279468,211.66
246.0,222.51694306765296,227.62
230.0,214.67430328997565,223.35
213.0,219.356264442424,227.97
248.0,219.99305166363635,225.76
245.0,220.51526663490208,225.73
238.0,226.77439212264892,222.89
199.0,219.7780281242254,212.7
236.0,226.09753761866278,219.95
207.0,212.0594378651594,210.87
230.0,219.5188509916248,218.62
196.0,213.08142434542884,209.18
221.0,219.0290322334858,217.08
238.0,221.62437650421828,223.97
183.0,216.7925445922604,220.52
219.0,227.79478722679318,226.55
220.0,212.27345640074557,208.77
201.0,220.8477266511378,232.43
223.0,215.1975412010778,221.44
224.0,219.5698573083338,215.8466666666667
206.0,227.0966354018771,225.24
259.0,221.74712623717164,222.45
237.0,227.50413580894667,231.67
209.0,211.21758942164615,215.2
212.0,224.20404811652605,235.24
236.0,214.0073094418707,222.34
232.0,206.19094966175814,213.95
236.0,220.33333584663924,220.25
235.0,221.11806119019548,219.28
190.0,210.68033469842328,202.96
240.0,216.60623598362406,212.74
233.0,225.21388696563895,222.34
217.0,224.07835807794186,217.85
254.0,220.00361781621518,223.29
200.0,216.80243198687972,229.04
220.0,212.98738799498858,207.44
229.0,218.94095821707873,212.5
255.0,217.7548168658662,227.28
203.0,228.85033501832558,224.38
242.0,220.35143426436207,225.66
219.0,224.06972234559117,222.57
199.0,210.39701604990293,210.82
247.0,219.3361524879025,217.93
216.0,214.4778309482212,218.06
184.0,211.39176508374248,208.77333333333337
214.0,225.71326865758687,229.41
259.0,226.80511802150232,220.45
251.0,233.23605369088216,222.31
241.0,217.2064640147089,228.46
211.0,211.57285155032423,207.09
213.0,218.79362416699706,226.48
241.0,213.60216281218175,207.48
253.0,219.18305207045626,209.4
228.0,215.97647287010173,203.52
228.0,216.6756431463536,220.39
239.0,218.42476232994147,209.44
280.0,215.59801612788237,218.14
216.0,223.20897712948914,228.54
235.0,220.45149732491507,223.13
215.0,211.97801766428626,202.95
237.0,219.21557599331607,224.83
212.0,223.73001143949423,230.92
221.0,224.69323273109194,224.64
249.0,230.86449869368795,230.87
238.0,228.47777686326245,227.58
196.0,226.95567006706466,216.84349999999998
218.0,216.34321978688376,216.71
224.0,214.36611832058537,213.37333333333336
228.0,229.8475813194599,235.47
212.0,218.59334261684435,219.54
242.0,233.55876358922052,233.94
219.0,218.50770562985792,221.56
239.0,218.53479429231598,212.64
226.0,225.18704907894022,228.46
274.0,223.46841987841535,233.47
229.0,224.80539774666192,222.83
263.0,236.7033075608847,227.52
219.0,223.45424648065202,224.13
254.0,222.21369714108653,220.11
215.0,223.68822056080356,219.76
208.0,210.98930918007,201.96
243.0,220.25244093508627,219.41
219.0,214.42447671554123,213.52
223.0,225.81289495443707,229.34
250.0,220.5217847219755,225.09
243.0,234.8447969880007,232.37
248.0,241.11855174996754,236.49
252.0,233.5827699846584,231.18
209.0,230.5061997574821,220.44
193.0,226.62664077299124,225.86
231.0,222.03027132446692,217.44
231.0,224.18886971493794,222.29
210.0,220.40868001786546,217.52
238.0,228.68372884582516,228.05
223.0,222.18095872697052,229.23
248.0,225.3632807755306,222.04
243.0,226.92625142464726,227.42
213.0,233.64533830400563,227.35
239.0,209.47720735462727,204.24
222.0,221.54806771124908,233.2
239.0,226.22265553660293,228.38
250.0,238.08354642345614,245.68
228.0,221.60081979219115,225.28
220.0,225.97445736657886,226.16
205.0,219.52795336356596,236.86
241.0,241.02786871132258,239.88
227.0,227.2596249785172,235.5
241.0,217.9363297861234,222.96
248.0,222.5669966413882,217.43
203.0,230.50307181465635,240.03
270.0,222.6233643372811,224.59
228.0,222.8180584903411,242.03
226.0,223.95463005942145,219.97
211.0,221.52458448844033,221.29
209.0,230.433962219127,234.76
236.0,225.60864468940701,224.77
196.0,232.5963553909875,235.84
206.0,219.51905181905693,213.67
263.0,236.95623845641,226.54
260.0,228.69835576730426,227.55
231.0,223.88385867459118,216.8
210.0,226.7883592030896,222.83
226.0,219.94843999645528,228.71
226.0,221.75744084972882,215.39
211.0,218.73951276567834,221.57
227.0,225.79828243982047,227.91
252.0,221.54211625492923,228.65
227.0,227.40914338221626,227.11
218.0,224.80480282890875,222.15
212.0,217.25975275641764,227.0
258.0,235.42557490697035,233.67
216.0,226.77574381704127,219.01
246.0,226.6611832899141,221.85
228.0,211.70509125533718,215.35
241.0,235.59241211368328,229.17
214.0,230.7182332186216,231.95
219.0,220.1553209450508,225.17
205.0,219.82898431725482,226.18
241.0,221.3529297157077,214.95
210.0,220.9506592725097,199.57
247.0,230.76588873222596,232.5
230.0,226.54338391012408,228.7
224.0,227.1116942665881,223.49
190.0,222.5198067670621,218.59
248.0,219.5975541398892,219.26
235.0,228.31823439653476,229.43
204.0,228.44197797817958,230.59
240.0,221.9631684032708,219.22
237.0,211.65212797549464,219.36
237.0,217.71036452873412,219.94
242.0,234.05674248218702,237.09
229.0,223.51191672708956,226.03
219.0,219.234050761181,226.43
208.0,224.70752429282334,230.73
206.0,218.69112813364148,223.99
249.0,221.66068995537046,217.66
200.0,210.2079933098284,204.64
225.0,221.12331416748933,223.39
259.0,229.69009292681898,233.68
202.0,219.94552676119883,222.28
213.0,216.14512801879795,215.33
230.0,219.62059020738053,215.94
241.0,228.78894426371602,221.55
253.0,217.34798216124472,210.98
257.0,233.92233892936588,222.52
199.0,213.84161253481687,216.7
228.0,225.49981932180827,226.58
209.0,214.4778485127136,212.13
225.0,216.20133326797253,219.42
277.0,233.13328994606786,225.96
202.0,217.4135559455578,236.43
242.0,238.83178279315018,240.36
230.0,216.8102191048814,207.4
244.0,226.96240870263676,235.32
255.0,221.14026328699373,222.32
220.0,225.60903721098623,225.48
239.0,215.8850221159973,216.42
210.0,225.41760821636694,224.1
271.0,228.73318863758882,228.18
217.0,224.05722784851463,224.92
222.0,232.344376103398,227.63
223.0,216.50591569732612,215.05
237.0,217.1289320013428,209.59
218.0,205.72221682981586,202.96
230.0,226.79634324785513,227.06
227.0,230.74190695883516,230.83
241.0,218.21271228414147,232.07
309.0,238.97796930958805,235.04
233.0,219.64265426393808,219.52
225.0,218.83872973997575,218.98
231.0,232.27282708508048,239.58
243.0,220.13242038970685,216.71
292.0,237.1927813930307,221.21
235.0,228.82926134241728,228.38
263.0,243.62638322674331,231.68
238.0,240.43505086026497,227.97
211.0,229.02628335874553,231.08
229.0,228.07499124493887,221.71
218.0,219.31252542380662,232.26
211.0,220.62604619967,221.01
205.0,225.83802957493214,241.27
226.0,229.75063561428524,228.66
202.0,217.13296975682084,229.44
209.0,227.64876082514706,223.08
199.0,223.69445121535176,221.99
198.0,215.34896936398962,225.68
229.0,226.48633745627166,222.41
191.0,218.29744057411088,211.5
259.0,239.64673409192238,228.47
235.0,222.70108316321637,223.39
230.0,226.7259862622447,221.86
222.0,218.428226416514,220.98
249.0,240.6350670107392,228.07
250.0,223.87205803223657,220.3
209.0,226.68039260466105,216.17
244.0,255.33862965052657,235.93
236.0,219.67929882205308,227.64
205.0,228.55617054541128,232.12
195.0,222.26880439246457,215.37
252.0,215.05423298707842,229.49
207.0,231.22706356059837,232.06
227.0,226.14133048627565,218.63
216.0,208.93370539293932,207.55
247.0,225.9265302408474,221.63
229.0,215.2027036726102,215.5
216.0,244.54191038830695,221.81
210.0,234.2017412992123,233.09
233.0,234.04473450097365,232.52
224.0,240.15878966336453,231.06
232.0,224.1392806242191,232.03
226.0,216.21254995187462,208.33
217.0,215.87791067991247,217.24
247.0,226.34328370313045,227.5
236.0,210.10501662201938,217.5
209.0,221.56864606856772,224.18
206.0,222.0652293763912,225.21
255.0,218.81182983034796,223.6
233.0,229.9752501578576,228.39
218.0,231.74677775556643,232.54
221.0,218.72870555879166,228.09
240.0,222.89757690902462,226.97
259.0,232.65812347557107,228.18
238.0,220.21456245454743,221.31
196.0,210.03880071636644,206.81
248.0,220.6550953544107,220.9
217.0,216.7472557153813,221.03
258.0,212.70316143345036,218.89
234.0,224.5787780971641,237.83
272.0,225.76549115654086,222.24
243.0,225.6776454910468,224.01
191.0,212.5401141265491,223.72
233.0,227.46387212687802,225.79
230.0,221.4703769560003,220.41
274.0,227.07015804492238,227.78
257.0,219.42341203836986,220.55
198.0,219.20218728767227,218.84
255.0,235.01555986394635,224.72
244.0,222.8988734429534,219.28
230.0,223.67907043806997,217.33
202.0,206.92936124759422,210.66
227.0,230.64243938446492,229.22
225.0,214.8913258777356,208.43
211.0,219.70720020635656,205.51
240.0,217.8355814978885,217.41
230.0,236.26125217029085,227.44
273.0,239.35153752540623,236.62
225.0,229.11510946638072,218.845
253.0,230.39015063075982,244.94
246.0,218.44173269829355,233.65
225.0,212.92981658345218,208.43
231.0,206.35327216337512,206.57
240.0,232.6873114348149,234.04
204.0,227.71689368337093,215.24
242.0,223.74795521183546,215.54
244.0,233.63131290547148,224.75
234.0,235.28322257309435,229.8
209.0,222.3391112737981,228.55
268.0,228.4406613922917,227.12
232.0,225.5924047509555,235.82
218.0,214.65595640827382,210.17
257.0,236.25736241404195,233.85
215.0,235.6197043490575,225.58
196.0,226.24744130995632,221.29
211.0,227.60614238512227,223.0
211.0,227.09354980154052,229.55
244.0,214.612364780573,224.25
216.0,222.43543765474203,227.92
213.0,232.55660086668496,226.93
227.0,236.4573922078599,227.78
222.0,223.24286486230386,230.99
247.0,246.33848953056685,236.36
221.0,239.40851419487592,234.97
235.0,223.1670051239525,222.86
214.0,224.6293442967077,221.34
239.0,240.18512035303849,237.83
256.0,230.8582742932926,223.85
210.0,228.75438594687535,229.37
230.0,210.429904248303,213.25
274.0,224.59298307428276,226.2
233.0,225.08388579487504,224.38
220.0,221.80121052823299,228.47
220.0,226.9738811998257,227.45
237.0,218.93502062041568,221.26
220.0,218.98045045837202,223.17
232.0,226.06434797287454,230.96
230.0,225.5152264458286,227.41
254.0,221.17704276942382,224.42
198.0,218.11084823778492,243.13
247.0,237.95035589525008,228.34
266.0,231.3383821183935,230.46
251.0,226.8182111206873,223.18
233.0,227.421429405396,232.57
262.0,235.67942733763337,233.26
228.0,224.1677346244132,218.55
254.0,231.5989037523624,228.17
249.0,225.41326530866513,235.09
259.0,219.9092154666207,214.19
175.0,212.8592211133315,217.29
218.0,228.54876350286767,226.07
235.0,223.27996337709482,233.97
220.0,226.63738342811195,223.72
252.0,225.1882826499911,222.34
233.0,224.67271073112542,223.93
264.0,230.15756566528535,230.66
240.0,231.17778040684598,233.41
219.0,218.27241729607908,215.64
241.0,214.81934826964883,213.91
221.0,212.1749841080051,219.85
266.0,243.18214895194222,237.61
228.0,222.265072573953,217.4
263.0,232.25884383320272,226.95
230.0,241.91912488191528,228.65
234.0,230.9232950697155,223.91
251.0,231.15215013645908,229.01
236.0,229.95143488813721,228.48
225.0,226.2930222842914,226.43
220.0,224.91492763004885,218.01
240.0,224.01885855870117,219.04
223.0,223.27623216689588,217.9
219.0,227.36910552222363,226.18
216.0,233.02490297202064,235.46
260.0,238.76694353557284,229.41
199.0,214.12106736134706,207.37
229.0,243.9193367500294,238.99
244.0,223.78070397693944,241.34
261.0,232.27645457880044,231.2
239.0,222.17825161286993,217.96
246.0,226.87096437837164,231.12
260.0,239.86442085434928,245.16
234.0,229.21261166796808,224.99
217.0,223.4766306848717,228.33
244.0,234.12714998347656,238.93
235.0,237.93223738494157,230.19
251.0,232.8719623916121,227.5
229.0,233.0065153367177,230.91
266.0,237.09488784660638,230.41
236.0,235.5031303257582,235.38
232.0,235.92197004979593,231.07
220.0,240.59855951303308,229.19
247.0,226.54839042480683,212.62
256.0,223.5731403697161,227.41
211.0,220.75080009934362,211.12
265.0,223.65878611846836,243.97
278.0,238.6596789453194,226.76
212.0,223.76331674163754,221.53
254.0,235.4427009005359,226.38
213.0,230.01352723769844,232.48
213.0,227.3158117437309,223.02
234.0,228.2101761565632,225.95
233.0,226.68805316844802,230.11
274.0,233.41885765517767,236.99
223.0,240.5541912119401,234.2
220.0,224.70114679530792,233.03
213.0,231.59112326003276,226.29
258.0,225.59150718859155,238.09
251.0,243.90838470154344,234.26
228.0,224.81063670909285,234.4
240.0,232.3727794114829,230.1
257.0,231.2878835663953,230.13
240.0,217.24449171184574,228.41
221.0,219.54774157983522,217.75
217.0,227.67245304932155,227.12
232.0,226.9711723416309,227.96
261.0,233.15944495782566,234.37
231.0,238.6339441338278,225.87
223.0,234.4970706129891,231.12
263.0,236.68419675014627,239.4
230.0,231.95515290789302,236.37
227.0,235.49045860250405,236.09
209.0,231.61612528921694,225.65
229.0,227.20189527820463,224.18
232.0,232.50924098001974,232.71
235.0,234.36726658530205,244.35
219.0,228.642093768778,239.63
249.0,237.64720804006603,227.35
225.0,236.41395736163446,236.4
232.0,218.34853465217492,225.29
247.0,236.56625325164913,229.76
235.0,232.41185243341948,236.1
218.0,240.17427592169983,215.73
239.0,225.69715566534964,228.27
241.0,233.47413376263302,231.89
253.0,240.29629753727653,240.41
227.0,230.67227571845788,221.2
210.0,235.48352674500376,231.1
244.0,229.59875002665527,219.51
197.0,224.06224971000873,230.18
245.0,222.79835622989162,228.34
204.0,225.63817234202705,224.52
249.0,225.5117413267215,222.45
263.0,227.28567841022385,223.27
232.0,230.50412325780547,240.26
208.0,235.13385920677644,229.98
241.0,232.7824005603527,228.2
242.0,223.3950942602915,224.34
232.0,222.34908797803388,220.88
241.0,238.91064213505769,228.88
234.0,226.15244186555424,224.98
251.0,229.14729489308684,235.01
231.0,225.47390669630673,237.37
246.0,232.96363308590256,223.48
240.0,226.75874341759533,226.1
230.0,231.62700890541484,230.66
235.0,226.467462169324,218.58
248.0,232.73951791753797,230.63
243.0,224.39533316779068,226.07
217.0,227.90636257770709,227.92
231.0,221.72764178081445,225.48
223.0,227.2826841003914,231.32
249.0,234.64281003521648,224.73
242.0,220.79542364529385,216.73
266.0,232.46111237758282,222.34
234.0,230.9098226790715,235.39
204.0,229.09075151927777,220.67
250.0,236.43299237137433,237.78
228.0,227.5088069035184,239.83
224.0,218.10972175715597,212.96
247.0,222.85039368085097,223.98
216.0,228.1661970642134,222.13
223.0,231.9295858166971,227.86
245.0,226.65767027580694,216.02
217.0,226.39899973191848,229.35
225.0,230.00499114547193,226.88
214.0,236.28416889707185,234.25
227.0,225.94964742354134,223.25
238.0,235.77383848995433,237.91666666666669
230.0,228.9607394096936,233.78
212.0,229.330329756869,224.08
252.0,223.61673123315452,218.98
262.0,231.98822733102998,234.06
223.0,233.20238413367895,230.64
258.0,222.29688341509154,216.1
226.0,227.00384018736503,225.72
256.0,232.89041102905156,233.22
197.0,221.06376726897548,227.52
214.0,228.32279140349323,238.01
266.0,229.95652347845174,227.87
254.0,224.34756942872633,223.6
219.0,229.67525267034557,232.06
215.0,224.80558279465663,227.5
235.0,236.28062722444585,232.84
232.0,228.9188044734027,220.35
238.0,221.8888428792131,222.24
256.0,227.07946826196735,229.83
218.0,230.25728048700933,227.15
249.0,238.12040896134988,228.57
245.0,226.19412100903855,225.91
204.0,228.82926389099094,238.25
197.0,233.54868802960328,230.14
217.0,227.27798589556232,226.99
225.0,223.26811023709578,229.06
235.0,238.52453441577694,238.67
215.0,226.00467024688078,234.26
236.0,221.34239669074566,225.6
250.0,230.1069604971956,226.29
197.0,227.6230106057372,234.36
204.0,227.9511245566412,224.4
207.0,215.70200483718781,215.44
213.0,227.2487897419046,229.06
241.0,228.0531101002822,233.18
272.0,235.6520838223176,235.52
279.0,228.89830466223268,224.95
227.0,224.60942148775956,241.44
223.0,225.1264412313953,219.74
216.0,219.45348566072815,213.81
253.0,218.81618465744555,220.9
302.0,229.7016134115937,230.62
206.0,223.0188472173723,222.15
273.0,219.2507236032936,217.88
223.0,215.7427466251363,223.12
257.0,223.62800153000228,240.44
246.0,232.62885806499963,234.12
223.0,237.14866249586566,237.18
266.0,246.55793476062166,242.96
239.0,227.4001747783282,239.59
204.0,231.73400931335863,221.76
220.0,222.45435271545892,227.52
195.0,212.59675966857566,213.01
242.0,224.6400499030629,224.95
206.0,222.28044441378245,227.1
242.0,227.70490113055612,227.08
210.0,217.82796151235016,211.67
222.0,248.66132702418685,247.78
240.0,214.54439548470273,217.59
265.0,232.09621323804515,226.22
217.0,224.84816965532605,222.88
219.0,239.42673938312652,233.35
220.0,231.94157954625413,235.24
229.0,222.434046538697,236.48
226.0,221.41379786504012,218.38
209.0,223.11641589050635,238.48
251.0,234.8826031355831,240.76
236.0,218.44064679557926,224.83
245.0,238.07478568515222,234.28
223.0,219.83321435471225,228.39
233.0,225.46071609309138,218.6
227.0,248.43014838684292,245.21
261.0,215.5043553226953,208.08
232.0,224.78955427141867,221.07
231.0,204.6567393418016,204.69
264.0,234.91803113993393,233.14
264.0,232.32369181191933,230.85
248.0,240.30627286893733,237.13
249.0,223.27616138220094,220.73
233.0,212.7453188789812,215.71
263.0,227.0081559848095,234.9
223.0,226.88994675574128,227.86
196.0,226.33417651105236,221.09
205.0,228.8613122368079,224.63
241.0,246.88031237525496,221.58
247.0,221.54984372288905,222.1
221.0,224.58948348720622,219.21
238.0,226.34392113905926,222.96
216.0,234.1064639885303,239.59
248.0,231.52439804140755,233.35
243.0,215.68907961350467,211.01
246.0,226.90036041951262,232.16
235.0,233.62441262732648,227.64
246.0,233.42144309630737,232.85
271.0,231.98558047528388,230.98
236.0,228.81324936213562,228.02
252.0,218.4618801533191,224.24
216.0,234.99868501765934,235.21
237.0,233.66379764347198,235.16
213.0,226.65341005204948,234.71
205.0,229.6688558437632,224.59
234.0,236.55343370485224,220.57
222.0,230.3597780481461,233.18
195.0,223.0118238936814,230.65
234.0,223.1803548610501,229.66
247.0,228.3694655350077,219.04
209.0,220.83296245293675,210.07
258.0,237.6859174152553,236.83
238.0,228.8802606414547,231.89
271.0,226.1472339550097,232.05
258.0,234.19485680050482,230.69
200.0,225.2385352865839,223.86
226.0,233.07592816469014,236.08
212.0,222.5247920328972,230.08
257.0,235.0219196212829,230.88
247.0,237.67182709343592,234.22
226.0,229.68788167925732,235.46
238.0,234.6562174820949,224.97
243.0,218.83758545806103,230.2
214.0,228.0283783523544,223.23
285.0,228.0766670286224,230.41
191.0,222.65525609778945,215.24
226.0,232.27163685757455,233.44
239.0,231.62297271867857,234.07
245.0,229.11775144054897,228.4
192.0,209.01729183498813,208.36
246.0,228.91502019820737,234.37
208.0,233.25039376766836,227.68
200.0,227.69690948028665,240.55
191.0,220.83638753000244,229.58
201.0,242.6443308698412,217.12
237.0,231.95786006262023,229.39
217.0,232.3157549707405,230.48
223.0,232.09521348731744,231.38
245.0,221.48045037918973,223.62
236.0,233.23859173225839,235.4
247.0,229.90824417226224,219.15333333333336
241.0,224.59005580368307,226.72
210.0,209.69699070931654,208.08
215.0,224.61287700839898,226.95
203.0,222.48895178590067,221.58
218.0,211.90843595975622,210.91
244.0,221.9725351738347,211.38
237.0,232.18561144584407,233.11
208.0,218.1414376029548,218.17
230.0,229.3043151183561,228.79
247.0,230.99282760991747,226.14
221.0,218.94090011529835,222.55
263.0,232.08007413586276,235.01
226.0,225.69071694938458,230.12
222.0,211.4920286002084,215.64
244.0,217.89844444311908,220.35
233.0,214.36697687344247,220.98
202.0,225.90764462339203,220.57
232.0,232.0256282942649,232.55
233.0,223.34932335638393,226.17
242.0,217.79185435804027,215.85
217.0,206.227675139243,211.63
199.0,227.89809774656874,228.1
253.0,235.04362618317842,225.4
221.0,215.2782387532408,204.97
226.0,208.84801618606252,215.41
211.0,211.04658866950285,204.59
258.0,222.68948526807463,221.23
186.0,227.15410480040214,231.19
276.0,237.36941398130065,240.69
239.0,220.89770477491334,217.85
192.0,208.75737213644408,209.11
223.0,216.06322169406116,213.08
227.0,231.8039340036206,210.6
244.0,225.16440553302812,217.98
217.0,228.0560461326478,224.76
229.0,229.1739278547747,224.71
228.0,220.17490855020097,224.83
229.0,220.8277588153234,239.98
253.0,218.96986636978158,219.89
208.0,218.9244879874532,223.77
256.0,225.44016872729577,221.23
225.0,210.7013194369779,212.78
235.0,248.83871697692825,241.67
223.0,224.25522483757385,232.09
211.0,219.72617866257752,226.1
277.0,237.8010798778073,233.24
220.0,226.82990593094948,233.94
243.0,230.65601413915914,233.41
246.0,227.88371903179495,225.23
254.0,233.55556372558425,221.0
241.0,227.50166600369172,237.88
242.0,228.8546211763417,221.39
268.0,224.34986665258808,231.38
201.0,210.6643712536767,213.62
225.0,223.7044480121733,236.85
219.0,232.7904519012906,222.33
231.0,240.0748071910677,230.4
190.0,223.6368414231015,215.15
256.0,221.97032353427352,228.69
206.0,214.48788508330435,216.82
273.0,228.52807748744107,228.24
267.0,231.6712342846892,231.07
253.0,208.8111042675277,202.93
216.0,241.52724883452868,223.06
190.0,231.8731370257479,225.96
212.0,232.47663766557125,231.11
213.0,211.24267781912994,211.93
234.0,225.487298322787,224.65
264.0,228.09320412179417,236.77
242.0,227.67066825543537,222.93
291.0,226.50823610431377,227.3
222.0,228.4693868292605,225.37
234.0,213.03333712538597,217.43
216.0,219.77686243825687,225.19
210.0,223.59294109354744,227.9
211.0,230.87281700304612,222.32
258.0,226.17553293830304,223.5
225.0,227.12056066163206,223.63
289.0,240.90983845252623,240.52
235.0,241.9881009461849,221.48
256.0,237.70487691392853,235.15
200.0,231.2143405574027,233.89
211.0,222.21786670387638,220.33
251.0,232.73299867420263,231.99
226.0,223.5641409906181,218.5
224.0,219.49178747868274,224.6
261.0,223.70519210589788,215.93
205.0,223.352437027073,212.26
226.0,223.34983874782262,220.29
230.0,230.29241600190466,229.32
223.0,227.91985229605004,220.99
231.0,224.15197204805946,224.81
197.0,223.44463187490203,211.71
208.0,215.49409277482232,218.84
234.0,229.18212639079638,227.11
260.0,230.40554409095614,215.06
254.0,244.7267815220836,234.32
220.0,221.45885762748748,234.84
226.0,243.19347288147242,241.93
225.0,227.0450454777544,236.68
221.0,226.8274622766004,241.23
253.0,233.15896430337222,231.5
260.0,255.5242275093682,218.26
227.0,227.62315311507587,232.74
249.0,220.3941071013316,222.09
234.0,221.68873040145075,226.24
221.0,228.7402879990717,232.09
209.0,226.0676827802286,235.09
208.0,228.3833692199443,223.13
206.0,221.78232491077762,219.9
205.0,209.12796025345958,219.69
256.0,222.21958326164128,219.09
235.0,219.42153715086812,220.9
251.0,229.85728445008368,229.8
209.0,216.92921145732737,215.3
214.0,228.14829012432455,238.08
219.0,240.63656942936444,236.44
261.0,223.19974316654924,213.29
212.0,223.09584631543393,213.95
249.0,240.95567682829267,230.16
255.0,220.56186333556917,232.23
232.0,217.27006815297386,223.02
222.0,228.9572823407927,233.99
214.0,216.60377476478254,218.39
227.0,221.99058913312084,233.35
228.0,215.36987902443786,216.4
241.0,225.3535359107303,226.43
218.0,220.48457349214627,223.26
246.0,229.74556264820208,232.41
218.0,223.9589388596746,223.64
238.0,217.4518706425937,221.94
275.0,241.3142441054938,239.39
257.0,232.7415877915425,229.07
210.0,229.94286078671604,223.44
252.0,228.15335781683035,229.67
222.0,218.59124837698886,220.7
231.0,232.33179970637616,230.77
198.0,224.38366956536458,223.96
201.0,218.61504747527223,215.8
262.0,222.42229033429874,222.53
215.0,220.82173504652746,223.81
214.0,225.4091536313426,222.95
242.0,223.3639454167655,224.24
246.0,226.43158685444956,224.51
238.0,226.78952624148684,219.75
293.0,238.89274301698586,234.74
207.0,241.47444196464227,244.93
220.0,234.402737283515,235.08
220.0,237.66404350458333,230.36
241.0,228.04989561347037,233.39
252.0,216.04758722018363,212.68
236.0,215.06953657030624,215.74
216.0,208.78489817166115,208.38
226.0,227.1606217312136,222.25
261.0,218.91390719121847,233.2
240.0,231.4238654204275,229.48
220.0,223.60492662869058,220.42
223.0,231.78425806942943,234.98
242.0,242.68429796561918,230.47
220.0,211.02024392433935,211.13
253.0,235.98193383573994,235.04
231.0,232.12309011377042,222.84
213.0,224.1726190539792,220.69
238.0,214.65418917888002,218.41
230.0,222.2416194027184,222.45
240.0,233.79307540200693,235.69
234.0,222.93317533819453,234.98
244.0,233.9614599184079,229.28
250.0,227.80514222143216,222.68
220.0,218.0468537345148,224.54
228.0,226.857548149247,225.18
261.0,223.3661172833011,231.99
241.0,227.92911650639687,232.7
204.0,224.94082757263584,229.94
211.0,233.64442843024636,235.78
262.0,223.55170677237638,218.21
248.0,243.26504796910848,222.56
257.0,229.27203122826808,225.52
218.0,231.52246389586347,231.23
226.0,216.796167380089,216.59
221.0,223.78504533637982,226.32
235.0,235.95820630689423,229.06
232.0,232.32519387842805,236.43
236.0,227.48258694799506,222.74333333333337
214.0,223.24469195805258,221.17
225.0,227.0731960902993,226.66
177.0,229.5607586147651,230.32
222.0,225.11870112114752,227.38
240.0,241.43557112256656,222.0
216.0,222.0365796056952,209.92
262.0,231.64301271176294,234.78
244.0,222.10897625778625,226.61
221.0,220.71801446116058,220.62
213.0,227.60579177340605,228.79
183.0,220.3649631880446,213.67
207.0,218.72615132549808,211.04
216.0,231.86485170928066,226.54
236.0,229.53364774303023,236.35
221.0,230.8483184459049,231.98
208.0,229.00983965154506,228.85
228.0,225.42114581263812,232.39
240.0,229.47913035247507,224.15
255.0,230.88579525109907,228.94
230.0,220.36668245033292,213.99
236.0,233.92060171058563,240.35
220.0,213.78212417070958,222.26
222.0,224.38130253663974,217.84
221.0,224.92040676105495,232.15
218.0,224.4418542226653,226.02
213.0,225.33521382750556,237.16
213.0,225.5383167550586,228.26
234.0,211.96356757698524,212.54
259.0,218.00065480852396,218.06
209.0,226.5726442432849,218.28
200.0,227.85190056467218,226.48
216.0,231.8534965719144,238.96
260.0,232.8553702931829,230.12
255.0,223.186288360878,221.35
252.0,218.50071974693208,220.4
219.0,219.52817990894374,217.04
277.0,235.28967726466368,224.01
223.0,209.8003698572129,210.37
214.0,222.56910724851346,229.96
225.0,221.18293612396332,215.53
244.0,224.0538856512261,221.65
206.0,221.2709422757683,215.44
236.0,225.0735620285525,228.34
222.0,231.88762549376278,228.65
232.0,213.46304194177765,212.4
236.0,232.22279985808382,229.08
240.0,221.14571805214888,216.79
238.0,245.04900764896522,237.04
249.0,221.2077714126836,227.01
241.0,222.80671019495998,227.17
244.0,228.49905330686394,231.01
201.0,220.10828763588702,232.67
196.0,220.9818907794998,221.65
224.0,224.9026920826652,227.62
201.0,217.54109981862885,227.87
219.0,217.32934363519337,221.4
181.0,231.90750541301605,226.72
239.0,210.0009542071825,207.64
241.0,229.90427330081076,230.76
253.0,232.38238856830304,226.26
187.0,218.85314297467806,239.01
218.0,216.88299655573226,215.23
221.0,224.7392169495135,226.69
217.0,211.4222801756949,209.62
236.0,229.6072496385459,234.96
244.0,223.89723260185326,242.39
201.0,226.62757011054327,226.08
219.0,226.70990308478827,234.15
222.0,224.60827748326486,219.05
220.0,228.91798236099845,224.8
230.0,226.44314105467345,217.08
233.0,230.01739494062025,226.65
173.0,215.6568904614826,214.54
237.0,235.91590103782062,222.55
252.0,234.97047514781576,236.54
231.0,216.16751108723605,216.74
224.0,217.03362465956695,211.76
197.0,211.08474074339043,210.74
240.0,218.53777927269653,224.51
189.0,206.7614379013736,202.5
235.0,221.2782083367544,208.06
221.0,227.73472438963495,232.74
202.0,210.3705178156198,207.31
207.0,214.22947933003815,213.56
219.0,221.08688078779446,224.17
200.0,222.6357455110067,219.08
208.0,205.66866780646586,201.71
207.0,229.91494031013906,231.44
216.0,215.51125875847015,217.36
228.0,224.2875635166062,230.98
213.0,229.54911843824112,221.15
255.0,216.88143231034474,219.89
211.0,206.19464656759803,209.74
261.0,232.10749641397427,219.84
237.0,224.0568833145212,220.42
222.0,212.66630061950457,213.4
221.0,205.2020641065704,204.57
210.0,200.58503165604168,196.6
250.0,226.19605142926667,230.56
215.0,222.4784487920325,223.98
265.0,229.51887299800842,218.43
209.0,212.1718739255045,215.98
200.0,215.61951022036996,213.32
210.0,221.92253346895092,211.24
235.0,203.88094318048073,211.57
248.0,230.53744745638954,231.77
244.0,212.8266585729644,213.81
214.0,202.65128233869098,202.86
231.0,227.11172565011066,232.68
210.0,215.60198876390842,222.72
225.0,231.34585412518297,221.03
255.0,223.7855729985872,223.38
216.0,207.2134446710008,213.85
238.0,223.21566799378854,207.69
207.0,201.69186302150683,195.26
227.0,218.4069037491577,213.14
246.0,215.78748288612476,212.22
228.0,223.38983116880308,227.81
205.0,220.60938431685804,223.59
217.0,226.91685599482093,225.78
204.0,206.710084894097,205.95
177.0,225.93504077107804,223.76
228.0,221.4353764060467,223.47
236.0,230.42821221903228,225.67
222.0,231.27359163314463,223.89
208.0,208.44410914404034,219.66
219.0,212.65664216363058,219.8
242.0,233.38630952167307,230.99
222.0,221.3388444712989,225.16
220.0,230.17599327019025,222.81
233.0,207.96600097560102,202.89
224.0,217.11931039840152,222.83
257.0,232.77060905128315,231.13
215.0,219.3181205622067,222.69
237.0,224.7556132774408,222.12
216.0,210.9473864940675,205.3
228.0,209.12459484658206,210.78
219.0,218.51143590010804,221.67
209.0,222.34957155332384,230.56
190.0,210.9566855966057,216.16
228.0,225.158234332355,210.18
213.0,210.9509316958426,210.23
224.0,217.04564726395589,223.73
238.0,215.2986500190567,220.5
236.0,227.49491217651445,232.06
215.0,214.15902989840527,220.31
248.0,221.24134560302792,222.43
250.0,228.3302975382117,226.65
260.0,228.38919606197643,244.24
247.0,219.0426338821243,215.14
224.0,220.38808838946596,228.28
233.0,222.0805138468652,223.74
222.0,229.88258382982085,222.95
224.0,223.00073454799315,218.56
230.0,211.8129277700679,215.53
198.0,225.40048769221158,228.66
212.0,223.42091720465734,235.46
217.0,208.61987574930168,207.64333333333335
230.0,223.41052263315953,222.07
191.0,211.8858325796129,212.61
207.0,226.7300606744887,229.86500000000004
245.0,221.48075008248367,218.33
172.0,207.4103518157167,205.83
246.0,227.537559058745,223.68
263.0,229.04985626269,228.23
239.0,225.89727361252213,221.25
224.0,220.5102392835175,220.81
266.0,224.32145124942093,226.64
209.0,210.501672009918,209.36
214.0,219.13673147149453,221.72
241.0,221.01005093780964,225.29
219.0,212.08329196870017,214.17
218.0,219.3301043532556,220.18
217.0,214.06866744038265,214.22
216.0,230.09720042030978,228.25
152.0,204.9683969636975,198.43
221.0,213.6227187643908,209.28
229.0,226.50163341351524,236.05
208.0,212.64690098318556,203.89
211.0,219.2969369361469,221.2
228.0,218.2415798589297,224.75
220.0,225.4182665296242,228.03
214.0,229.89289320976127,231.14
244.0,231.65646461707803,218.92
219.0,233.3299786988592,227.01
185.0,188.48421646982266,195.486
206.0,212.44521508578993,215.42
223.0,231.6798068378489,238.28
204.0,227.51175211012975,235.57
230.0,229.270924427745,223.27
218.0,222.91208803942283,221.8
232.0,222.61070782611242,233.77
217.0,231.9130465669512,232.04
261.0,220.23953874530565,218.01
188.0,224.31649409489896,228.52
220.0,209.34188146144544,206.16
211.0,217.15310668550595,226.86
208.0,229.13233161154787,222.69
208.0,216.86657625395355,214.0
227.0,231.01526838813638,223.82
208.0,206.50720718030738,211.69
198.0,198.6798481477882,196.11
245.0,220.74098464568112,226.47
219.0,207.05518583789666,209.11
254.0,212.38669136390592,213.32
237.0,223.17080711884637,228.37
239.0,222.40449630528093,230.74
203.0,216.4958487241223,215.3
203.0,215.48309526684392,214.71
216.0,217.116293230353,210.22
223.0,221.02994447992631,224.07
246.0,220.8263421771655,232.79
216.0,215.42618216856476,203.88
189.0,201.27665861300613,197.55
219.0,228.36019313024696,224.9
249.0,222.78766858002837,224.07
230.0,217.06053274312828,221.87
225.0,227.07243460776877,217.18
233.0,210.3904509755559,205.78
207.0,196.95533786349256,199.96
221.0,221.43109236364404,224.19
220.0,218.97372297793333,221.73
269.0,221.3219567664109,219.45
205.0,206.04832277443822,207.9
207.0,216.89528883232128,203.29
234.0,223.85951437083202,226.84
237.0,214.3145332575602,211.02
203.0,220.09254962121696,217.31
212.0,218.0526271400313,219.88
241.0,222.74966528936903,230.91
232.0,211.98500180311788,211.33
231.0,206.70132788077498,204.37
218.0,222.382338646439,226.03
217.0,223.0915287534149,229.52
189.0,201.28191447050983,205.46
213.0,218.59854080519386,222.56
211.0,224.50090251023377,219.82
204.0,209.05949471953113,215.84
227.0,211.4587818324717,212.66
195.0,219.18997845854642,212.43
251.0,226.30660597643796,225.26
220.0,218.0389767190643,218.66
219.0,214.4476570774262,218.54
217.0,217.99088246086947,202.69
253.0,222.11388932539074,217.03
226.0,226.59572437721337,225.36
212.0,212.2231050639774,213.86
241.0,227.67290214489998,225.45
225.0,215.4776326593914,208.56
211.0,205.9926276229786,208.12
227.0,210.25488524543505,217.83
244.0,228.82841002354488,219.14
211.0,219.86322087673088,222.07
210.0,219.7047378312531,220.11
213.0,211.5881334722245,215.47
243.0,225.021556548948,227.06
223.0,225.81557691794404,232.35
195.0,218.71981303332223,209.65
242.0,215.02348544737782,222.71
234.0,226.8425318433383,230.06
196.0,226.96886125811233,237.54
195.0,215.17950790280702,224.02
199.0,208.38265052557233,205.73
226.0,218.40682747457228,226.15
231.0,217.84206739729396,224.41
216.0,213.30143759929257,221.73
198.0,212.40503469597832,204.65
223.0,214.4611319961635,210.41
237.0,224.99699930219413,235.28
237.0,223.8970475538586,217.68
266.0,224.12863706127325,220.71
225.0,218.18337122777757,218.08
221.0,219.8006508132894,210.99
295.0,221.84779105746304,227.75
224.0,221.82835807721412,210.59
211.0,230.1258232970615,228.53
205.0,202.3809632075516,191.26
228.0,209.61701327702673,211.23
215.0,212.53069156598508,237.18
207.0,206.2667506892729,207.01
238.0,229.93359463610818,238.32
223.0,215.8676295869717,203.72
184.0,210.59292228762916,210.1
220.0,220.0625342759915,217.29
202.0,234.94030890300496,237.15
206.0,220.53063122026646,211.58
231.0,220.48173984431128,203.52
204.0,211.3886071504495,219.08
249.0,233.43640151674882,230.88
212.0,225.19226285089445,222.29
205.0,217.34452511282416,212.84
252.0,228.50235145819568,221.44
228.0,211.42002331343468,218.36
231.0,214.66618136017556,204.63
229.0,205.71058225742783,208.14
194.0,215.58212135221726,225.97
241.0,207.36169617986536,207.51
226.0,224.46191372050308,209.97
215.0,220.0173333566342,216.38
201.0,221.75261397473747,228.06
224.0,237.02789897239688,236.87
260.0,230.30526534300196,226.71
197.0,216.21830796995317,213.32
258.0,224.82736663219328,231.48
229.0,218.88575618667403,220.33
246.0,209.09846047535927,202.31
207.0,218.3039108899116,227.84
245.0,227.04006182128774,222.05
212.0,211.45381450264819,232.16
199.0,251.53443046149332,233.96
197.0,217.9088224716606,207.44
183.0,215.58260239867025,208.16
233.0,213.32232267757675,208.51
224.0,208.71252512115868,203.96
231.0,220.21217415649465,227.07
256.0,219.28973148529784,228.42
209.0,210.65741640290048,205.82
201.0,233.08022251712015,224.69
210.0,214.6918644792458,223.11
231.0,212.32045595349956,214.48
235.0,225.17914030844793,226.6
206.0,212.91170371824026,203.11
196.0,223.88653558191146,217.02
248.0,215.11517348984762,217.22
231.0,215.09584426670426,214.76
220.0,223.493210708699,216.91
255.0,213.96809892689907,228.38
225.0,234.32688887672708,234.86
233.0,212.84496328752954,212.09
232.0,216.79984578223127,223.97
210.0,213.9675477040638,211.61
230.0,214.73878352510982,212.57
226.0,209.85700644130677,213.46
235.0,210.2099982400674,220.2
214.0,224.031042805663,225.79
207.0,207.09320804547707,205.74
244.0,223.104073334288,220.07
218.0,213.6146042442619,208.65
222.0,223.33507607740273,214.65
239.0,222.5350590293878,213.18
230.0,219.82087156170047,219.41
214.0,229.85064957161717,228.69
242.0,221.27053550253277,225.77
219.0,214.86584145000376,222.63
215.0,221.50554579434515,207.15
204.0,214.8763567347869,209.92
208.0,225.2681489359844,226.09
204.0,218.28076949657287,229.52
245.0,213.50922485153757,209.88
175.0,219.4110838685337,218.51
234.0,213.4539772269146,211.02
225.0,206.9672444135441,212.58
226.0,222.89813460232585,225.85
212.0,221.76873982557572,223.0
218.0,224.51712468836013,222.8
223.0,223.6650700136994,216.67
235.0,218.70966492443551,230.5
202.0,214.60932442341579,221.08
243.0,213.69643141420337,212.33
204.0,218.0075671817512,219.78
229.0,219.10311497928768,237.82
214.0,222.30346646641084,223.7
239.0,211.60049884603234,211.13
238.0,220.226511353405,219.58
210.0,215.4735621682961,204.46
201.0,216.9581654615222,218.88
208.0,216.57541959948958,220.29
220.0,221.54782471668017,220.94
198.0,210.03891519597926,218.65
228.0,226.22531409468814,217.15
214.0,216.39294244948897,226.19
184.0,219.21440311398942,236.53
233.0,218.17016619755344,229.58
223.0,219.7789344483552,217.04
213.0,228.0747837713543,218.84
212.0,215.51360451786698,219.48
252.0,214.25626107569786,221.93
216.0,219.63223432553355,226.03
244.0,217.06956297794585,210.22
283.0,214.91481104080538,206.75
238.0,216.39068791948932,208.45
232.0,221.79139197804756,218.36
239.0,217.06050155577253,216.27
231.0,207.79864820176297,203.84
252.0,223.3896975764364,220.0
218.0,217.22723837932278,227.95
231.0,216.16990346164363,220.33
259.0,214.82770809612686,225.76
184.0,217.02578822203105,225.26
228.0,223.57847797121536,222.51
211.0,214.68610903022122,211.0
195.0,219.11133321589557,223.0
234.0,221.28643868892482,227.48
222.0,219.0011932436306,223.15
228.0,222.0670531593039,221.51
245.0,213.9706773503571,216.11
263.0,226.80131794638916,224.73
189.0,216.04597832052667,218.35
251.0,221.3935870960978,222.24
217.0,217.82003886172078,211.27
206.0,223.79209282975484,215.38
254.0,226.14685527260696,219.49
197.0,213.71155326227262,228.4
224.0,231.13796309535206,226.6
210.0,210.9860426285739,204.36
208.0,210.51983966407425,201.05
229.0,226.88713235538597,227.49
208.0,222.97881753131327,220.17
223.0,219.61042653536938,215.28
216.0,217.83346912618867,220.26
216.0,222.68350730981,218.16
232.0,210.13211740004,205.36
203.0,229.58379276247572,230.31
258.0,207.1553503031484,218.94
192.0,220.21766052148547,224.94
245.0,226.86112318628324,222.41
227.0,215.37745319944483,213.72
232.0,213.7577347994575,217.71
238.0,220.58143886611742,220.6
256.0,227.93880832668108,228.86
229.0,221.44187886888875,217.23
249.0,226.31122092997066,239.23
218.0,216.22154684276228,212.74
228.0,225.5716255252441,226.52
215.0,231.6557041356033,235.62
232.0,216.39409390428148,225.24
241.0,219.970379222412,223.59
196.0,227.02341610991283,226.68
223.0,222.40689005226352,226.74
223.0,225.05894674904914,241.55
219.0,220.38052532896575,221.04
215.0,215.04651959508845,213.41
243.0,216.16019017619868,210.96
239.0,230.89747426144345,229.9
254.0,228.80386173472363,228.38
230.0,226.2185495450036,228.41
272.0,230.38371542346357,226.09
221.0,221.9859933128223,205.59
201.0,216.89163812901234,209.73
203.0,216.36588673821768,225.57
237.0,215.15642753208516,212.04
231.0,218.83515840777514,223.73
232.0,232.15832624862173,229.1
221.0,214.28017718168735,214.35
218.0,213.44792009370846,214.62
239.0,219.55532298882693,214.95
221.0,219.35727315108437,229.2
193.0,218.78774898526262,216.05
212.0,218.44294578401556,228.71
216.0,233.50255618347182,232.44
247.0,233.93670105947916,229.13
209.0,215.0520535556655,220.91
203.0,214.26374007967866,212.14
203.0,227.63008793437334,230.55
180.0,220.067339746929,230.38
217.0,226.8583367420349,221.32
215.0,220.33138315677093,209.62
215.0,217.62088187241628,231.48
186.0,217.5123186326206,222.81
206.0,213.13893820239053,217.46
208.0,220.47480447780814,219.77
203.0,231.56182003717703,236.94
200.0,222.58547707449605,226.43
205.0,212.8823609379284,216.95
182.0,211.33470575080872,205.3
189.0,210.0510594733391,204.09
233.0,221.7792108276087,243.1
198.0,217.17733611765277,207.75
216.0,206.95039924731205,210.09
212.0,216.26231691771034,229.69
217.0,212.1516910106016,208.34
239.0,212.2705412252281,208.19
204.0,194.094055790663,193.29
239.0,220.85215930108228,227.5
191.0,204.4721589533862,201.16
235.0,212.34210835524368,224.62
227.0,209.58723524064695,200.0625
188.0,213.5119512742248,208.96
191.0,203.91282343448276,197.83
201.0,191.17026681310264,191.68
238.0,213.1996246165644,227.79
239.0,220.99380398168654,210.76
227.0,196.5737378316361,195.64
189.0,216.58069323779876,217.98
190.0,202.39268257949743,208.65
214.0,212.44838356590367,203.305
186.0,198.1142444929449,201.56
207.0,230.61111972412027,229.25
207.0,196.49586006765134,194.48
218.0,209.42599378064676,203.13
216.0,202.25800992216227,201.46
202.0,197.81650173159926,196.07
233.0,213.089692117884,207.27
218.0,223.65568628695576,213.0
215.0,209.95919847795693,212.52
199.0,204.08711612476557,195.98
205.0,217.97306326185534,221.69
200.0,202.1251659088373,194.15
186.0,217.135872053257,213.36
238.0,214.54822713917122,219.36
215.0,198.73045590615584,206.88
212.0,207.39642298126404,203.62
251.0,221.3579551268312,222.62
229.0,204.80525411425083,200.75
212.0,203.66837505994252,203.6
207.0,205.41195189270678,211.29
217.0,231.75509992496637,222.81
199.0,208.08425080306415,205.36
206.0,211.87564800979297,212.16
222.0,199.8902130902182,183.3
210.0,229.4063803841444,231.76
211.0,207.43381747403305,203.74333333333337
196.0,213.2243647752192,226.922
212.0,221.59708797367958,218.27
209.0,204.57084050476612,203.11
196.0,208.83782283399643,203.72
211.0,206.40360399538986,203.71
185.0,210.48460470596518,208.87
219.0,211.13736901526778,187.99666666666664
233.0,199.9300662942157,206.35
239.0,211.53955834326314,216.67
188.0,204.63909115543885,206.59
261.0,212.84785858677435,203.43
213.0,201.36927579719517,208.01
236.0,228.0459596546906,224.72
217.0,204.24891682632847,196.05
225.0,233.9230923726887,231.77
223.0,211.71790592055623,207.02
207.0,233.68664711470717,227.74
205.0,215.01544641783522,215.75
227.0,212.70261583523137,214.40200000000002
196.0,217.4049044337696,217.72
203.0,208.20807026729483,198.02
205.0,204.81573642662335,210.69
206.0,201.28276269285925,195.27
194.0,204.07748901145348,208.64
210.0,198.32674577041712,196.39
231.0,215.94250402208445,221.71
181.0,218.24417815866042,213.24
232.0,220.00393137916592,225.78
207.0,215.24043785875546,209.0
223.0,229.63726319871648,222.82
220.0,222.0197455130093,219.91
234.0,199.5367205436748,185.94
210.0,199.8811584895497,193.88
237.0,212.89713080170642,209.22
235.0,226.74133136333603,238.815
219.0,214.28339866569056,209.81
221.0,204.40399974842381,209.53
261.0,228.07251673379258,226.11
202.0,217.45761070418033,202.43
228.0,215.0032038527799,215.0
219.0,208.85770351676848,212.51
234.0,207.51631564048037,213.31
204.0,212.7601119724945,208.02
235.0,217.61778027632914,221.53
211.0,228.9589181548742,223.37
246.0,219.68322756732846,218.25
209.0,218.05629185820322,225.54
209.0,215.00054607869384,218.83
213.0,226.01781541074996,225.54
200.0,205.23233898932102,209.58
200.0,214.1991966653535,212.15
215.0,210.64302831804815,219.555
232.0,214.6245593580425,216.33
208.0,222.08584186163884,231.34
246.0,217.38707860908337,212.06
245.0,223.00933323157835,229.95
228.0,217.06137612486054,211.79
225.0,222.25996449936537,224.68
200.0,199.9827622136384,206.56
226.0,217.92483351199343,228.25
204.0,205.85944724959376,209.68
190.0,211.1539963978879,210.56
232.0,209.23785785994863,209.49
218.0,214.99461589170193,204.59
236.0,229.19390778567134,236.79
206.0,206.08076715083723,206.11
223.0,210.35314653544185,205.84
193.0,237.9664992901004,226.85
208.0,217.4909475651986,229.33
231.0,218.38433955387362,219.09
218.0,222.51643412619987,217.19
216.0,212.80235561063859,212.4
216.0,215.35234024027733,213.66
237.0,212.3259195009009,211.57
237.0,220.07290313028727,226.12
200.0,212.5271463846903,214.2
248.0,224.9060048571725,217.85
212.0,212.54900839611275,226.26
231.0,221.77250653627868,219.7
204.0,209.1632579987601,206.02
250.0,211.6948064575608,205.19
258.0,226.4854537334182,233.76
203.0,222.0333625900464,219.31
236.0,224.2022631264731,207.43
193.0,212.17524148895615,208.43
237.0,227.00076707411026,220.25
235.0,212.96093868824005,209.98
213.0,206.64485117467945,204.85
276.0,225.92870441916324,222.82
223.0,222.6025476708046,223.92
206.0,213.30620092357367,207.13
228.0,217.8120737338764,214.17
210.0,210.71160987985093,205.83
241.0,223.63165399788585,217.28
213.0,226.49786101708906,220.72
244.0,202.98505120025078,208.28
236.0,212.40772404941976,217.17
233.0,205.7500410200654,204.81
224.0,216.83656034137613,216.72
215.0,221.72263940359346,220.46
234.0,222.8206704334155,226.88
250.0,226.28237477971658,227.98
229.0,212.93127554395295,204.25
242.0,229.50489129439217,232.49
213.0,216.93797960530247,211.81
232.0,219.50739015689192,218.45
189.0,222.91962690975856,227.45
229.0,217.3861790863121,212.23
224.0,223.39879408696788,224.18
214.0,220.8739912814109,229.66
217.0,214.8980202510378,213.77
222.0,223.10103550522416,219.22
245.0,219.27706366304602,220.33
221.0,226.17887552759106,218.2
255.0,227.57573939989544,228.7
208.0,213.39004745109696,212.20666666666668
236.0,224.54418430029978,228.37
239.0,224.6464971849611,219.09
213.0,220.63416558089642,230.9
258.0,217.2880893561624,217.29
220.0,222.98746594657848,222.7
242.0,219.2533160416146,219.86
251.0,229.1551841588257,221.44
213.0,214.51486042241152,217.87
235.0,221.33436973580496,219.62
213.0,227.13827202718576,233.41
215.0,226.13083897917707,225.86
216.0,220.71823793049577,213.78
209.0,224.9990557286877,212.16
216.0,216.1188039957567,213.97
232.0,211.90100551179086,216.95
228.0,216.87262070424515,221.21
217.0,222.50571274040715,222.86
232.0,220.99033658227796,227.41
204.0,218.93456862448105,226.62
234.0,219.95427366032627,214.51
214.0,228.2519512148557,220.485
240.0,230.94441804467766,231.73
249.0,230.5147954997505,235.17
209.0,224.1776272926099,215.56
252.0,219.0889805910312,225.71
214.0,226.9021961016748,227.61
227.0,229.74545718762886,221.2
207.0,220.29483764987015,219.49
212.0,215.6920546553771,214.55
230.0,220.39885270591418,224.96
209.0,223.86153178815277,219.03
234.0,216.19132343611994,218.67
283.0,217.4543176302592,217.76
271.0,223.2233601369308,220.03
244.0,226.49905793137398,222.56
267.0,224.8231828177471,216.68
253.0,232.01653001915886,230.91
200.0,220.59333975690888,222.73
201.0,227.7591178372419,233.71
225.0,232.85342893413446,230.13
198.0,211.74296079842367,210.11
193.0,217.8266326355473,222.4766666666667
211.0,214.61970282347653,223.57
223.0,215.7095261635115,216.67
244.0,215.2701343879331,214.0
194.0,207.51900360086648,215.07
210.0,216.84981159461148,220.35
221.0,228.9799723260291,229.43
233.0,237.62392782174385,239.15
229.0,225.38447202757467,218.72
226.0,214.54791904563064,222.69
232.0,226.03482461292242,222.27
256.0,234.95962718732798,234.88
243.0,224.97572185753683,225.12
235.0,231.2548132613174,241.46
251.0,212.3514901417263,208.72
238.0,227.91884203912815,211.97
216.0,234.66714671299138,231.46
259.0,233.02457535324635,229.05
248.0,210.11466614044105,209.3
231.0,220.56272559326186,234.72
216.0,211.14119012291553,209.35
216.0,226.96757995641536,221.77
232.0,226.4980572202171,218.79
200.0,220.44985880631015,227.31
197.0,221.12622679443314,236.13
227.0,220.83523060579978,213.02
193.0,216.86936956066737,204.73
237.0,227.01021045089576,230.32
198.0,224.2956768804732,211.2
230.0,224.73294556184453,218.55
237.0,225.16218395495878,231.94
218.0,218.92265171745873,214.95
216.0,233.83853313496337,242.2
210.0,218.4041960472248,219.81
261.0,216.7014906728834,214.87
221.0,220.62961208294075,219.95
207.0,228.30288537429482,225.73
188.0,210.26160457242054,209.48
218.0,218.8602680541066,226.46
261.0,224.884890840143,230.25
240.0,246.4645584473866,238.77
234.0,217.07849625701633,226.69
217.0,208.68452525299296,214.45
206.0,217.94093399666855,223.89
215.0,213.64724927240658,222.07
229.0,225.97851035354512,220.76
237.0,220.4094209945868,223.18
230.0,220.20340624531298,236.69
227.0,213.0743429199576,207.37
253.0,225.51461025874744,221.36
218.0,221.99952223650484,229.97
246.0,220.37961159516476,216.52
227.0,219.45712017211974,219.34
208.0,217.20986160925438,223.37
229.0,237.70098678616046,242.57
245.0,225.0750654270096,233.48
223.0,217.91506073171274,232.24
223.0,222.8787952243613,231.21
254.0,223.57480776315293,212.3
186.0,223.25935457620244,242.19
243.0,216.87971422479868,217.41
203.0,215.9531778122909,214.08
210.0,220.8228810319098,225.7
212.0,214.66507789296887,214.96
232.0,226.83008182517872,233.51
227.0,218.8600935529327,216.32
205.0,218.7910948873867,221.52
222.0,226.82783605694493,222.97
253.0,231.25525161390829,227.19
229.0,216.8768382546208,219.21
257.0,225.72315081958942,222.18
233.0,215.64382564929724,219.6
238.0,231.54356562197796,229.04
221.0,225.19663696643238,233.53
208.0,221.81603831810492,216.8
205.0,222.46406268806788,226.56
200.0,219.94814438999646,220.08
253.0,218.14212928062227,219.01
215.0,214.6029808579966,212.96
212.0,210.37854829970962,205.12
220.0,216.9676531005776,225.09
243.0,225.98422661771042,227.26
242.0,234.76851099214065,235.69
245.0,220.1670843834338,228.37
223.0,221.69137939329065,225.75
226.0,222.55944702806488,221.9
189.0,227.42237340708425,220.91
212.0,220.82657578117556,215.19
262.0,220.44010010199932,217.15
212.0,214.16041903356268,207.78
199.0,220.1663541292197,224.89
232.0,230.51869401776523,241.08
244.0,218.29878193799556,222.72
233.0,224.8636680087436,220.47
203.0,209.00235427139478,203.54
184.0,216.27423184384503,228.4
232.0,228.32397814247668,225.2475
237.0,229.7328891808537,228.81
210.0,219.49867176107713,220.21
230.0,220.06268011864654,228.12
220.0,218.42473774777747,214.57
184.0,212.82883414433556,214.61
253.0,213.08051410015037,207.0
247.0,227.32125735512068,228.83
194.0,229.05976863147288,217.94
247.0,213.85259463487705,212.97
269.0,214.6772167009186,219.71
251.0,226.7921625705585,231.4
204.0,218.048517206803,221.91
231.0,222.8645652935594,224.99
214.0,214.86446848628344,213.16
228.0,225.0622404108026,223.42
194.0,214.83919521649142,213.31
246.0,227.5326551449059,227.05
184.0,206.58449665221107,203.56
270.0,224.0875388001989,210.82
235.0,215.54682184234218,215.85
235.0,228.0747235129998,223.4
229.0,213.54063772216705,227.71
195.0,220.64828961849895,225.63
182.0,228.8350214965896,219.43
256.0,215.9868072037254,220.56
246.0,225.2785842610833,229.68
241.0,233.1725144759024,229.11
229.0,207.2557867725268,216.36
203.0,230.86176117697426,235.01
203.0,215.30477166340222,214.09
238.0,225.1509169709471,231.905
249.0,216.1247048946932,214.57
229.0,219.55991880912543,222.97
242.0,223.69444149315672,223.56
228.0,227.6075241106085,219.95
237.0,219.03720561891384,227.03
224.0,223.8663159897623,223.97
218.0,229.80007868666257,232.26
250.0,226.86270227115938,222.45
240.0,215.0032830482018,223.87
221.0,228.07755247542377,220.24
195.0,229.31928116478184,225.49
201.0,225.39262316384287,229.11
217.0,231.86161634514036,226.42
208.0,203.3391203153123,205.59
201.0,221.26057557879022,229.36
249.0,210.48478099219398,215.48
240.0,235.18847525688028,236.12
195.0,217.5757608915193,217.58
234.0,232.48444777684887,228.21
231.0,226.61013719943583,222.24
237.0,237.1105115979767,241.36
223.0,209.48594021841149,204.1
232.0,216.9987795185137,218.92
242.0,224.63048112832462,228.34
214.0,217.54136051241596,212.99
217.0,223.13584712666102,220.95
260.0,217.81927779241371,216.94
208.0,213.20181969268896,220.73
228.0,209.91320059571134,215.47
243.0,227.03580937872073,219.55
228.0,231.82409020026574,228.97
228.0,224.45698367623848,223.36
197.0,204.35281951837317,196.75
244.0,222.16194673065286,229.93
215.0,226.30816030379768,227.33266666666665
237.0,210.3220698696661,212.7
244.0,221.0994682583624,219.99
243.0,212.14597707944048,213.9
204.0,218.74871573709524,220.03
258.0,223.73711448533243,230.08
246.0,224.7750057002554,224.42
220.0,215.43459362710087,224.02
204.0,234.6086826206689,233.58
211.0,213.8254203676381,212.1
192.0,217.96076632033555,211.04
273.0,224.69963500660415,225.24
211.0,220.40173567328338,225.02
227.0,230.99332698512524,229.6
198.0,214.0232042380161,222.55
244.0,226.7107862402897,223.34
202.0,212.2451521643552,213.84
229.0,221.34793766899435,226.75
230.0,230.7268490746996,226.8166666666667
212.0,227.55853874036933,226.27
211.0,214.96846966219033,224.51
241.0,222.87365478641925,226.39
218.0,229.32365233900293,227.64
224.0,203.798090934275,207.17
239.0,211.33660829651714,209.19
248.0,212.4875960211363,212.5
263.0,232.11521117853923,227.29
221.0,221.1265146189579,208.05
220.0,209.64654053764724,211.27
248.0,227.37028639979735,232.11
224.0,224.94890914083442,221.85
202.0,225.3352190806026,219.82
179.0,223.16936027390815,213.81
235.0,230.00913281326172,216.44
227.0,229.45003227019976,224.98
228.0,215.884446310998,224.96
243.0,223.78665386451752,233.39
209.0,225.2862212232817,227.58
192.0,215.74168545979214,225.32
259.0,230.4303207105441,228.62
235.0,216.50329499248582,211.9
252.0,226.35621380839143,232.52
217.0,212.9914118703295,219.3
237.0,213.69387386807375,225.63
242.0,225.4569439334586,216.69
206.0,217.72303097841092,227.99
225.0,234.4145797010068,230.52
244.0,223.13208041595811,226.98
243.0,238.98753945690135,242.12
212.0,216.63600833428063,212.63
219.0,213.73108002049236,222.65
220.0,224.99680978510148,241.35
218.0,239.15337889377412,234.78
223.0,220.6191619377559,223.39
185.0,216.7134120490037,230.39
197.0,220.06865594081737,225.51
232.0,212.19951638059544,211.48
267.0,227.71122403495997,205.36
194.0,217.95374142790286,214.43
221.0,217.63711828171864,229.95
236.0,218.7477089686959,217.52
229.0,227.4072658106714,228.62
200.0,231.24015589626458,235.82
218.0,225.85566586204538,215.24
238.0,223.87134024462392,233.61
207.0,221.32342664525163,213.67
211.0,212.36479714433517,207.48
203.0,223.7113835949895,226.88
192.0,223.7423366475333,227.01
257.0,226.33986723262447,226.03
226.0,228.5489834430537,229.97
235.0,211.3467402339668,214.12
268.0,223.19823623894303,220.36
235.0,215.0478131877004,225.44
209.0,215.2375160575659,222.14
252.0,219.55780486868377,219.6
248.0,218.9804413046066,205.31
189.0,207.8764691754355,199.05833333333337
230.0,230.00841877111128,224.41
197.0,224.39644563355665,219.54
236.0,218.9296668672161,226.16
214.0,209.40595710039844,207.32
205.0,226.8507524122067,219.71
227.0,215.42346531286643,211.4
233.0,228.70535999872163,229.02
235.0,224.4161810216229,225.7
237.0,233.21174273105288,233.23
197.0,228.390720337762,222.79
234.0,229.14506708134502,230.71
231.0,226.6642952165089,221.13
232.0,224.08955251268407,225.17
239.0,209.94890821077036,205.4
188.0,208.7718604492528,209.67
223.0,220.77005328469494,238.33
208.0,214.23228686792797,211.92
227.0,208.36262692023814,208.42
189.0,223.24124931649453,220.25
250.0,223.62457451267557,223.67
240.0,221.6142676006711,222.45
238.0,222.43672224879475,227.49
226.0,207.41560636175234,214.95
225.0,231.7139989593686,221.37
250.0,217.53103143188937,217.8
221.0,223.5488161585426,223.12666666666667
263.0,229.78768812237809,225.8
192.0,222.18682726255258,225.29
197.0,201.47117687183692,200.16
253.0,230.44040132709165,228.84
255.0,233.72496242005576,234.07
216.0,223.5829749361324,224.53
266.0,213.86082265404332,213.21
196.0,208.17979584568525,203.46
240.0,223.8236400562698,219.03
218.0,216.8003720513833,212.1
235.0,227.64521207374247,224.32
231.0,220.97866266982453,224.17
243.0,231.7873680151366,237.47
232.0,217.4536291102216,211.62
228.0,225.28823491528658,227.54
248.0,225.2787667809846,232.07
208.0,223.87462649670618,226.97
231.0,211.64367709530586,209.48
222.0,218.9791711174164,235.43
252.0,232.72222036337178,212.585
235.0,216.78651731446166,223.14
237.0,231.24720240906416,228.97
225.0,215.16897095669634,218.18
205.0,230.27363115961145,221.59
252.0,225.70938923184565,219.3
223.0,217.71722599353907,208.82
238.0,227.64535290009388,222.67
220.0,200.02742555350414,196.67
221.0,225.05034651720246,219.85
222.0,228.85284324492102,220.91
223.0,214.05753226368273,207.84
181.0,208.07892647264578,221.33
208.0,230.27272075912683,231.33
220.0,231.909615432309,228.86
218.0,225.35987657579335,221.68
222.0,231.99921119566466,234.1
220.0,230.3030937132598,239.21
228.0,210.92886181883603,223.09
184.0,214.3602953997019,211.81
204.0,227.00583849193194,219.72
218.0,224.13262039932619,224.7
260.0,231.01017101557568,229.42
234.0,231.24776027805186,221.91
254.0,224.94852346124037,220.69
207.0,210.2299169726607,208.07
212.0,227.07137638374144,223.0
226.0,228.54630226354584,235.26
276.0,213.7031269437675,212.59
225.0,227.45526352526502,226.25
198.0,217.93062306846667,209.61
191.0,214.5570952987897,212.09
210.0,226.75865896907638,226.11
223.0,226.653526451443,217.64
249.0,226.07610846994072,219.38
229.0,210.73534677877515,225.96
259.0,230.37894294541704,221.8
231.0,220.47033693567226,223.77
251.0,222.5027059028663,239.04
243.0,220.77193340481347,217.53
178.0,217.41123416001233,224.12
245.0,234.63453912561175,227.29
204.0,206.77727614400015,215.36
237.0,219.03944628925672,224.38
195.0,227.3674036081146,228.85
246.0,212.5864939835531,209.88
225.0,219.17748088542726,233.31
259.0,219.71200391271952,223.6
213.0,232.56029406768928,221.78
231.0,225.6675541315117,225.31
240.0,203.4168674282472,200.73
250.0,226.4139684828676,234.62
213.0,219.17030470140963,224.7
237.0,229.49496549857867,222.17
201.0,213.45047083847953,207.34
225.0,214.41157958269088,205.28
206.0,218.9642971250136,232.96
240.0,226.99145840532674,228.59
202.0,216.38327928772358,211.45
235.0,211.86142001925208,215.93
199.0,232.26180793625485,228.38
225.0,219.83498862225798,227.97
258.0,232.26983471550906,237.72
213.0,211.43917997566516,204.7
216.0,216.05414956986095,210.11
197.0,217.92601630934786,223.08
210.0,226.78707768507957,217.32
221.0,218.24204279368462,227.92
208.0,227.71842674140265,221.95833333333337
261.0,226.31736597973799,214.5
217.0,221.60506345251196,223.47
224.0,212.72526114571804,207.71
215.0,220.61714469612158,216.71
237.0,224.91703280872466,233.26
212.0,211.99615430751678,210.87
217.0,217.4747201138289,221.36
221.0,223.11962882905675,222.55
205.0,215.69341356327382,227.49
264.0,212.85432929457463,219.52
203.0,215.01937535894336,213.77
224.0,225.06522737207075,223.49
228.0,205.96507818233977,204.35
240.0,225.4622984706573,222.15
207.0,239.59283600511765,234.48
216.0,227.72509788463552,229.07
231.0,226.5006208041865,231.8
210.0,229.36611338923973,236.02
228.0,215.98918669905166,219.59
232.0,215.05178445115143,214.23
204.0,219.68104345050455,210.74
231.0,226.08236431496556,225.84
234.0,214.01976649818218,211.18
177.0,213.07895824500952,214.08
223.0,219.057159419385,224.52
242.0,224.77209967850337,228.39
281.0,226.07139840682282,231.41
274.0,223.86038641108308,216.91
227.0,222.47133341431868,239.51
239.0,226.15890924003816,222.34
216.0,206.1341830144467,205.01
194.0,215.06772662657005,221.74
247.0,218.54454735153018,222.46
183.0,210.5387668198734,216.33
193.0,216.02833013416392,205.42
256.0,233.14765654527906,234.36
284.0,223.01349383643554,226.99
187.0,217.99530025084496,218.41
225.0,217.07553917163585,225.48
254.0,215.18546459174362,226.6
225.0,221.26272188258633,213.09
255.0,230.0823246633324,222.225
214.0,206.23552425969342,211.89
227.0,218.1776822502997,206.28
268.0,220.9420584323504,222.35
200.0,214.80580199778697,211.61
230.0,221.75828597555528,221.3
248.0,216.9779470521194,214.35
203.0,198.297883448726,196.45
237.0,226.3460721487467,226.61
236.0,230.697991614106,239.58
204.0,213.3113885651024,202.62
243.0,240.59621118458222,221.81
222.0,211.5499367433239,214.13
210.0,219.2266616341687,214.19
228.0,228.49123090467134,227.86
208.0,224.76827759102378,229.41
253.0,234.8125727479545,236.97
229.0,226.02155267819137,230.93
232.0,229.29904908555088,230.75
223.0,219.45686841578498,221.23
196.0,241.9785308193519,230.09
232.0,222.99220274843452,221.44
229.0,224.89305622806756,217.63
218.0,217.2845652480288,229.89
232.0,233.50035040532032,235.81
208.0,211.73029587652803,203.87
232.0,234.13396698984482,232.74
201.0,212.76795231069875,209.03
227.0,218.4252166581367,208.72
209.0,216.0587929857457,216.3
243.0,217.02517064189453,217.72
259.0,247.05986170745018,242.8
220.0,224.51011696842025,213.66
222.0,229.75543759670026,219.67
220.0,232.20316448166093,232.84
244.0,212.20036283837032,210.39
214.0,212.41627557004486,214.02
223.0,214.86881492313438,216.53
233.0,220.0848744342544,230.5
243.0,224.495854085688,236.96
203.0,211.27160214326983,200.42
192.0,218.2511030189694,220.03
195.0,214.50947916695497,215.15
221.0,232.92040686952362,225.74
224.0,226.4355066417923,223.96
256.0,226.1469482665787,232.74
223.0,225.91701821546076,209.82
271.0,228.38680386325527,226.91
252.0,233.64765832497648,239.47
224.0,216.88866681245582,208.01
234.0,220.3141986891622,234.43
236.0,224.18572250415218,224.5
217.0,222.30968208455997,227.15
207.0,224.7699258921871,212.28
233.0,225.98593554949105,228.92
234.0,227.92551847641877,223.65
236.0,223.67207030348777,217.87
265.0,222.28466388393878,223.55
228.0,226.0733342964611,222.06
234.0,211.1200745371442,216.22
197.0,216.12166763405895,218.47
208.0,231.06511446780672,227.78
220.0,216.21874808711863,215.92
197.0,211.60212687892346,210.86
208.0,222.04707479714904,223.13
233.0,210.2844115254801,207.06
212.0,226.34462837985114,229.23
214.0,218.60101915590158,227.08
232.0,214.3163743886522,214.71
224.0,225.83917399157266,228.94
223.0,229.29805325597184,221.9
197.0,216.20192393294084,223.51
241.0,231.56614583349295,227.39
212.0,231.44869508453155,229.55
224.0,220.10783546426592,212.86
245.0,223.83116471590984,222.56
201.0,222.21475168075858,225.51
215.0,222.5665493103843,216.84
247.0,218.4280879630498,214.55
219.0,214.67578873194083,221.62
251.0,220.4503936820219,221.05
242.0,229.2937842499682,221.2
212.0,224.3362936624684,229.11
226.0,219.8989339816804,222.15
211.0,214.0137658980146,222.57
219.0,217.0916767255568,208.31
229.0,220.17790970201855,218.61
210.0,222.75928846105214,212.64
211.0,220.05793847617332,208.98
193.0,205.18623133335402,210.3
258.0,224.54305840750317,229.52
234.0,228.59244542001684,232.92
238.0,222.5111887748903,224.94
189.0,223.52394090022028,222.39
228.0,221.4667683788674,220.7
229.0,218.05783622657447,218.24
243.0,227.87024626963176,217.42
227.0,220.07535382278837,225.98
211.0,221.32164984961258,227.24
238.0,209.50034388686848,202.53
215.0,207.0437045390588,211.31
204.0,219.92455609861406,223.68
220.0,213.73649424835955,217.27
252.0,213.73973447359737,220.98
217.0,217.32083463274392,224.3
237.0,221.5871025076779,209.91
233.0,215.4317705260866,222.04
223.0,214.90841813537168,221.96
231.0,224.40326455970563,211.78
203.0,208.77237248722884,206.6
201.0,226.41225976740003,235.82
239.0,212.54783083137508,212.76
243.0,226.4829923184099,226.79
213.0,220.64684122529923,231.58
246.0,214.7380386272398,216.23
226.0,218.20589504097978,231.66
243.0,220.0669435205142,215.85
238.0,231.28323042905907,222.56
228.0,221.30974094009372,228.75
205.0,218.70075346189867,219.67
207.0,213.91247048377957,210.6
245.0,225.19868031801184,220.84
217.0,217.76655574256546,231.12
244.0,221.88566038423644,223.46
246.0,217.81066040855453,218.49
239.0,229.10942048890283,218.62
232.0,231.32171437417185,230.88
220.0,222.25579940567349,228.2
231.0,213.25339813004206,212.19
229.0,214.42496770050235,205.59
236.0,224.77256047716452,219.26
244.0,227.9175833591879,227.75
235.0,223.60972547395602,227.29
215.0,216.7738990075768,217.7
204.0,233.40020993440027,222.2
207.0,224.3017915071471,229.65
244.0,224.2628005608423,224.24
225.0,212.72633848249922,213.66
193.0,220.4063880471008,219.82
211.0,219.80969253487655,228.17
259.0,228.74223114317505,228.34
248.0,225.547406639918,224.76
207.0,216.81338209510466,213.71
253.0,226.2616429332783,228.58
246.0,216.08315424568465,220.4
215.0,212.71373013460283,220.84
242.0,221.93694650748643,221.19
215.0,233.85218726076593,224.06500000000003
248.0,222.16510797678188,216.91
203.0,218.09951631000763,226.97
204.0,222.46144251069654,228.05
252.0,231.9968997201466,232.55
259.0,225.00290004592443,230.79
246.0,229.86719213419912,229.36
234.0,219.8439427581766,223.69
228.0,227.56471691775346,234.53
236.0,220.65817742559813,216.63
217.0,217.3316794560821,219.23
241.0,223.11977645676672,221.97
235.0,227.6951073177409,224.47
213.0,217.90924110318502,222.27
232.0,225.95380512804235,225.19
218.0,209.3793918473629,214.16
215.0,222.6574684811327,225.32
223.0,236.45872149714268,228.04
228.0,216.35749925353295,209.34
211.0,212.42950343833877,215.33
210.0,218.0342170996188,224.79
210.0,237.5021786235173,239.01
229.0,224.92624393359478,222.11
214.0,231.1019753022328,216.48
203.0,231.27952358471106,216.83
215.0,223.40280085092292,229.14
242.0,233.09108706152486,221.39
194.0,215.01114596720208,224.4
223.0,222.0283709148523,224.32
253.0,226.28861852965917,228.17
202.0,213.81479805353993,215.26
199.0,221.7975210320643,225.22
230.0,213.40974561471126,207.18
240.0,228.68578838932206,219.09
237.0,229.2036117010378,229.73
252.0,228.3909703295222,224.13
217.0,226.28500273902188,227.39
229.0,217.31813434048217,221.34
192.0,218.25572320511884,222.97
218.0,217.90249450999244,220.0
250.0,228.12416323191448,225.76
180.0,213.10139216076294,209.91
241.0,218.5272832965,217.39
236.0,216.67167911688728,223.84
221.0,227.13194739883397,224.16
255.0,232.76123704810252,223.74
237.0,222.17627843767272,228.47
213.0,213.05831747276227,211.8
203.0,216.48992069370456,220.97
265.0,235.34386903814652,237.16
261.0,223.47259155681866,213.08
199.0,218.96942450818784,212.43
234.0,230.02821579010708,232.21
237.0,228.22884473418867,226.59
229.0,218.71861751209264,231.53
203.0,212.5944360979753,212.81
215.0,231.70122289117654,236.4
234.0,208.29029870043513,215.72
206.0,228.6217882003287,229.86
266.0,219.31862425056272,214.18
263.0,221.39340904529445,217.77
228.0,237.42109595944623,235.52
226.0,216.53164466788832,221.91
228.0,210.59100551074474,214.33
244.0,219.16012985378475,215.18
211.0,224.00545111182274,223.66
226.0,214.2532718026494,215.84
219.0,214.78646244413596,211.94
201.0,228.00085621780565,221.66
226.0,221.99339667101066,223.57
206.0,219.65302366543955,222.02
244.0,209.0462808865805,201.75
250.0,227.13778043391198,234.64
217.0,224.508958908436,235.84
192.0,221.19917976725037,222.68
238.0,217.6773661638695,210.76
235.0,228.1757919488969,225.8
220.0,214.88001112245115,234.1
249.0,231.9497043968907,222.38
196.0,220.8991091016759,231.13
222.0,224.91320074177628,244.38
237.0,214.43526459336098,217.86
217.0,228.3429922748881,236.74
187.0,205.36768244699525,196.94
252.0,221.84988958998642,217.61
188.0,219.0070155562014,220.69
222.0,222.35239391055603,222.39
225.0,224.98000982108817,221.33
234.0,234.62143746049367,224.86
221.0,229.62555613816593,229.14
273.0,227.4848646671034,229.42
244.0,225.93113852774738,218.61
232.0,226.9177810397051,229.68
234.0,213.90518646630156,210.83
209.0,216.9329770117684,221.12
239.0,232.1361317573274,220.99
251.0,219.7588870455997,222.0
252.0,214.49474168701175,216.0
230.0,216.6236232394063,220.54
216.0,217.7111298713064,218.01
219.0,231.05528691906204,230.2
262.0,233.79847947505294,226.55
228.0,213.35353685686783,207.17
234.0,225.202368049606,221.55
235.0,220.93912085172332,219.36
271.0,223.66139476918704,228.9
212.0,226.2676296737891,229.05
259.0,225.09783437087452,229.07
211.0,223.92321854122068,247.75
208.0,208.5211786347973,201.6
208.0,219.04456532314498,236.5
254.0,224.65899499487364,222.43
240.0,230.8131123831081,230.25
235.0,222.54659182555787,215.89
208.0,230.55673104435397,229.14
251.0,234.63220659707872,228.09
228.0,227.50785320011545,223.14
223.0,215.75745507429784,220.09
245.0,229.99950440896188,223.96
246.0,223.75568616831782,221.42
238.0,205.728415120266,203.78
262.0,231.23369983212018,236.44
242.0,223.67714546677166,219.22
237.0,235.0476891086528,227.21
223.0,230.77394162142537,234.24
221.0,235.42433085020565,224.39
238.0,233.25603907070865,232.86
203.0,219.93641292296837,227.9
240.0,225.99370902414904,230.37
230.0,224.51039016976947,223.33
217.0,230.21383084192183,226.83
196.0,212.48380259217555,210.17
234.0,235.63448203465254,238.4
257.0,225.06284256254048,224.94
219.0,224.37148006530566,229.16
236.0,221.39662860951694,209.49
201.0,230.31498527459934,224.97
214.0,227.34851291324867,227.79
233.0,233.53513589633172,233.98
251.0,238.92259648284502,216.13
221.0,209.43931679948656,213.43
259.0,220.87273959866192,223.84
245.0,229.44046680829746,238.1
241.0,218.24305557869985,212.05
249.0,229.44215509954307,223.27
209.0,232.0652090809123,234.84
235.0,230.4694042588211,231.12
263.0,236.73322775556431,229.98
231.0,219.50934245476066,221.87
210.0,228.04171969920534,228.37
232.0,226.31842777387507,238.1
202.0,223.88627547595667,219.91
241.0,216.9328256997032,213.87
247.0,224.74472674040638,231.62
233.0,221.95143654424314,230.29
258.0,222.5960134122941,229.46
188.0,213.74262136211524,208.91
237.0,229.79233739967253,221.48
262.0,230.10885308391556,219.64
225.0,236.15154545272586,235.8
230.0,232.28611680061698,231.51
236.0,235.34892095121478,224.41
221.0,228.52054931913224,222.7
241.0,220.85156593159056,220.66
223.0,222.94793818430088,222.17
243.0,232.29953492904198,234.63
212.0,222.2824161959243,225.11
237.0,232.7360587531699,229.33
240.0,229.63484994698044,223.96
241.0,229.6975651092949,229.55
227.0,235.21619841469396,231.54
235.0,229.2657264557086,229.54
262.0,219.39495625312088,226.16
181.0,223.25484357594215,228.1
214.0,230.41329416019235,230.32
235.0,227.32709237108634,229.06
218.0,224.56857382675804,236.84
252.0,230.8278260648864,227.48
186.0,209.23352937958958,207.67
238.0,236.00854302048677,223.26
257.0,227.14615606030787,221.53
263.0,216.79183717578206,228.42
245.0,235.03085250835386,230.54
188.0,221.04803256714143,219.29
236.0,232.5291871545066,227.7
231.0,235.44767636333228,234.84
224.0,230.44559929912805,224.09
243.0,225.6164795582011,227.04
209.0,223.0110638042062,220.47
264.0,236.14036074017866,229.55
242.0,228.03160160093213,226.02
218.0,232.86957703487613,245.51
250.0,236.55282784827878,228.79
253.0,225.1086031564207,224.0
230.0,222.33846329104853,216.56
216.0,213.6158579078985,216.3
230.0,234.45568982037003,223.58
204.0,229.22875469129914,225.85
238.0,224.26686130926225,218.23
239.0,219.8287534382485,217.43
297.0,226.93184893593457,222.8
196.0,214.0991312523936,214.78
188.0,210.73329270468844,212.43
219.0,224.8325525296278,218.7
